Date,Market Cap (USD),Number of Coins
7/1/2017,1544252034,93353179.87
7/2/2017,1628663383,93384275.97
7/3/2017,1611145672,93415669.25
7/4/2017,1629516423,93447775.66
7/5/2017,1625689036,93479188.78
7/6/2017,1634550847,93510496.28
7/7/2017,1508122723,93542113.16
7/8/2017,1517901985,93573572.69
7/9/2017,1468613967,93605056.75
7/10/2017,1307701757,93637518.31
7/11/2017,1322671071,93669286.91
7/12/2017,1758533764,93702347.06
7/13/2017,1662569502,93733680.97
7/14/2017,1590872684,93765454.87
7/15/2017,1387045939,93796657.06
7/16/2017,1309720134,93828482.84
7/17/2017,1416372607,93860032.37
7/18/2017,1478285971,93891617.37
7/19/2017,1334433560,93921810.81
7/20/2017,1509063691,93953110.19
7/21/2017,1502002962,93984675.03
7/22/2017,1567018595,94016111.91
7/23/2017,1516188595,94047431.75
7/24/2017,1499260234,94078561.44
7/25/2017,1372317327,94110519.72
7/26/2017,1378569089,94142178.62
7/27/2017,1364475838,94173542.84
7/28/2017,1311198631,94205377.37
7/29/2017,1345891388,94236774.25
7/30/2017,1298191881,94268378.94
7/31/2017,1300263443,94300294.09
8/1/2017,1373948589,94331519.09
8/2/2017,1365123440,94363506.28
8/3/2017,1439469199,94395209.87
8/4/2017,1401342238,94426619.56
8/5/2017,1465423765,94457830.81
8/6/2017,1460741889,94489067.37
8/7/2017,1438884827,94520439.56
8/8/2017,1513906538,94551584.72
8/9/2017,1452019579,94583305.34
8/10/2017,1452217938,94614552.69
8/11/2017,1438683751,94646030.34
8/12/2017,1391581672,94677200.97
8/13/2017,1340632532,94708349.09
8/14/2017,1329957567,94739713.31
8/15/2017,1275539527,94771345.97
8/16/2017,1326784311,94802493.94
8/17/2017,1310819249,94834101.44
8/18/2017,1274196764,94865737.22
8/19/2017,1283163466,94897212.84
8/20/2017,1314291022,94929090.34
8/21/2017,1403748201,94959799.72
8/22/2017,1365397625,94991794.09
8/23/2017,1460522815,95023775.66
8/24/2017,1438697017,95055288.31
8/25/2017,1443149626,95087323.78
8/26/2017,1453826757,95118465.5
8/27/2017,1528936213,95150434.09
8/28/2017,1503990586,95181856.91
8/29/2017,1509163540,95213205.34
8/30/2017,1520247589,95244694.56
8/31/2017,1605493597,95276190.03
9/1/2017,2135005454,95310017.69
9/2/2017,1895831837,95341831.12
9/3/2017,1856588948,95373107.06
9/4/2017,1641057955,95404664.56
9/5/2017,1663553431,95435971.12
9/6/2017,1844452285,95468053
9/7/2017,1773255122,95499340.34
9/8/2017,1619666541,95530850.19
9/9/2017,1562923631,95561903.47
9/10/2017,1467984288,95593301.44
9/11/2017,1461184457,95624771.12
9/12/2017,1437200724,95656279.72
9/13/2017,1365797567,95687815.81
9/14/2017,992417737.1,95719510.66
9/15/2017,1099794103,95750295.19
9/16/2017,1079258773,95781983
9/17/2017,1070373930,95813226.75
9/18/2017,1159314387,95844185.97
9/19/2017,1110533026,95875596.28
9/20/2017,1080094163,95906755.66
9/21/2017,967905005.4,95937983.31
9/22/2017,981915442.7,95970669.09
9/23/2017,1013414592,96001856.91
9/24/2017,1012458748,96033717.53
9/25/2017,1056261732,96064831.75
9/26/2017,1110372245,96096771.44
9/27/2017,1248283080,96128410.66
9/28/2017,1270245701,96160302.69
9/29/2017,1220710052,96191745.81
9/30/2017,1264831224,96223249.72
10/1/2017,1233160882,96254753.31
10/2/2017,1198149067,96286022.53
10/3/2017,1173232040,96317729.41
10/4/2017,1137007356,96349094.72
10/5/2017,1148366140,96380335.5
10/6/2017,1182422890,96412018.47
10/7/2017,1194506580,96443657.53
10/8/2017,1169123736,96474806.28
10/9/2017,1102719165,96506405.19
10/10/2017,1095025762,96538040.34
10/11/2017,1102459829,96569532.84
10/12/2017,1122480287,96601078.47
10/13/2017,1159897385,96632281.12
10/14/2017,1178383791,96663693.62
10/15/2017,1154452353,96695092.84
10/16/2017,1149876579,96726418.78
10/17/2017,1144917333,96757158.47
10/18/2017,1110644641,96788231.12
10/19/2017,1093701146,96819925.97
10/20/2017,1078514727,96851294.56
10/21/2017,1051131016,96882791.75
10/22/2017,1037260945,96914205.34
10/23/2017,973407289.3,96945799.56
10/24/2017,1008909989,96977176.12
10/25/2017,1013468123,97008435.66
10/26/2017,1006637567,97039953.47
10/27/2017,996083392.1,97071300.81
10/28/2017,1010672519,97102441.91
10/29/2017,1055815837,97133861.75
10/30/2017,1051412397,97165462.37
10/31/2017,1019463501,97196565.66
11/1/2017,992682266.4,97228308
11/2/2017,963934508.5,97259332.84
11/3/2017,1200287119,97291543
11/4/2017,1153146360,97322537.06
11/5/2017,1282783175,97355396.91
11/6/2017,1370922201,97387161.91
11/7/2017,1313622278,97418174.56
11/8/2017,1356810598,97449468.47
11/9/2017,1381395033,97480759.09
11/10/2017,1412500116,97513133.78
11/11/2017,1878749367,97546247.22
11/12/2017,1441664156,97576563.31
11/13/2017,1555436066,97607427.53
11/14/2017,1703733127,97639199.56
11/15/2017,1677002925,97670426.28
11/16/2017,1640921603,97701889.87
11/17/2017,1674960639,97733716.12
11/18/2017,1736591125,97765175.81
11/19/2017,1752096232,97796857.84
11/20/2017,1821609673,97828641.44
11/21/2017,1730674240,97860352.22
11/22/2017,1761311427,97892186.12
11/23/2017,1778274211,97923233.47
11/24/2017,2055720312,97954856.91
11/25/2017,2118312220,97986890.19
11/26/2017,2119029638,98018756.28
11/27/2017,2445746034,98050907.22
11/28/2017,3099185473,98084433.16
11/29/2017,2425135152,98115273.78
11/30/2017,2574403239,98146819.56
12/1/2017,2908785468,98179462.37
12/2/2017,2843898655,98211139.56
12/3/2017,2850154993,98242641.28
12/4/2017,2872256020,98274092.22
12/5/2017,2791231441,98305455.81
12/6/2017,2546028639,98336662.84
12/7/2017,2385063070,98368197.22
12/8/2017,2744423181,98399645.03
12/9/2017,2775890803,98431297.37
12/10/2017,2533693939,98462435.19
12/11/2017,2641458503,98491765.91
12/12/2017,3036931889,98515648.41
12/13/2017,2938312839,98539245.91
12/14/2017,3142940176,98563426.16
12/15/2017,3138302578,98587587.91
12/16/2017,3369188669,98612104.16
12/17/2017,3416081004,98636461.41
12/18/2017,3790430628,98660789.41
12/19/2017,3764810388,98684934.41
12/20/2017,3836170075,98709233.16
12/21/2017,3724304635,98733297.41
12/22/2017,2941182354,98757691.16
12/23/2017,3025512276,98781642.41
12/24/2017,2826212048,98805992.66
12/25/2017,2898830940,98830157.41
12/26/2017,2959288077,98854349.16
12/27/2017,2856001567,98878830.41
12/28/2017,2674228903,98902911.41
12/29/2017,2749397248,98927413.91
12/30/2017,2447778380,98951143.41
12/31/2017,2608498253,98974912.91
1/1/2018,2937756167,98999354.66
1/2/2018,3155257734,99023801.91
1/3/2018,3275666069,99048086.16
1/4/2018,3387936189,99072150.41
1/5/2018,3076964384,99096246.91
1/6/2018,3371499298,99120125.16
1/7/2018,3492888182,99144425.16
1/8/2018,3361595385,99168638.66
1/9/2018,3831377406,99192597.91
1/10/2018,3594216521,99216372.66
1/11/2018,3185783478,99240435.66
1/12/2018,3609635284,99264431.91
1/13/2018,4165955918,99288614.41
1/14/2018,4263155949,99312852.66
1/15/2018,3996649017,99336928.66
1/16/2018,2846003512,99360916.66
1/17/2018,2897462509,99384990.66
1/18/2018,2956989771,99409031.41
1/19/2018,3126771017,99433192.16
1/20/2018,3472933670,99456731.66
1/21/2018,2991521526,99480849.66
1/22/2018,2877555247,99504946.16
1/23/2018,2821887081,99528827.41
1/24/2018,2922505396,99553051.16
1/25/2018,2880806116,99577040.16
1/26/2018,2836227159,99600880.41
1/27/2018,2924888523,99625350.41
1/28/2018,3184642632,99649202.91
1/29/2018,3082515429,99673349.16
1/30/2018,2658435801,99697373.91
1/31/2018,2797904138,99720992.16
2/1/2018,2443295009,99744675.41
2/2/2018,2306171540,99768397.91
2/3/2018,2411334858,99791738.41
2/4/2018,2095887656,99815008.16
2/5/2018,1625215978,99838984.91
2/6/2018,1915502260,99862682.66
2/7/2018,1819084306,99886510.41
2/8/2018,2158182046,99909917.41
2/9/2018,2569961518,99934311.66
2/10/2018,2406385681,99958034.91
2/11/2018,2405877313,99981958.66
2/12/2018,2956745774,100006477.4
2/13/2018,3290006782,100031105.9
2/14/2018,3492423410,100054837.7
2/15/2018,3404058654,100078337.9
2/16/2018,3467277027,100102287.9
2/17/2018,3487955137,100125271.9
2/18/2018,3395416612,100148915.4
2/19/2018,3856349499,100172798.7
2/20/2018,3657157948,100196392.2
2/21/2018,3486416088,100219812.7
2/22/2018,3162640761,100243458.4
2/23/2018,3611991422,100267019.4
2/24/2018,3683410143,100290591.9
2/25/2018,3543422023,100313870.7
2/26/2018,3536176185,100337425.7
2/27/2018,3579726276,100360808.7
2/28/2018,3319070969,100384211.7
3/1/2018,3364136473,100407785.7
3/2/2018,3063732164,100431124.4
3/3/2018,2888939633,100454284.2
3/4/2018,2963736037,100477618.7
3/5/2018,2676747054,100500879.9
3/6/2018,2480871436,100522917.9
3/7/2018,2199433582,100545576.7
3/8/2018,2246302991,100568270.9
3/9/2018,2221289231,100590139.9
3/10/2018,2079105913,100612524.9
3/11/2018,2146422321,100634798.9
3/12/2018,2043943606,100657177.2
3/13/2018,1995370689,100679568.7
3/14/2018,1719683317,100701885.9
3/15/2018,1824536856,100724045.7
3/16/2018,1799284853,100746694.4
3/17/2018,1636667206,100768991.9
3/18/2018,1682510258,100791593.4
3/19/2018,1941367086,100814315.7
3/20/2018,2006319769,100837251.4
3/21/2018,1956844508,100859635.2
3/22/2018,1976538482,100882430.2
3/23/2018,1900142040,100904451.9
3/24/2018,1858501629,100925469.7
3/25/2018,1819934682,100946433.4
3/26/2018,1664756337,100967826.2
3/27/2018,1609855886,100988887.7
3/28/2018,1620842111,101009923.9
3/29/2018,1486052086,101031312.7
3/30/2018,1441764610,101052421.2
3/31/2018,1443829887,101073575.2
4/1/2018,1368856029,101094654.7
4/2/2018,1417921416,101115602.4
4/3/2018,1521979077,101136820.9
4/4/2018,1368866302,101158057.2
4/5/2018,1387323124,101179041.4
4/6/2018,1328849601,101200587.4
4/7/2018,1358527643,101221872.9
4/8/2018,1429182863,101242960.7
4/9/2018,1368206071,101263843.9
4/10/2018,1381993435,101284770.4
4/11/2018,1464898432,101305006.4
4/12/2018,1639456865,101323882.2
4/13/2018,1597591870,101342625.2
4/14/2018,1630438487,101361231.7
4/15/2018,1701278893,101379877.7
4/16/2018,1630771060,101398638.4
4/17/2018,1629147631,101417320.2
4/18/2018,1790893566,101435907.7
4/19/2018,1860696748,101454893.4
4/20/2018,1986378882,101473382.7
4/21/2018,1883352113,101492123.7
4/22/2018,1901147000,101510438.9
4/23/2018,2079499529,101528766.4
4/24/2018,2264031034,101547182.2
4/25/2018,1883982929,101565563.9
4/26/2018,2150285752,101583825.7
4/27/2018,2107657721,101602345.7
4/28/2018,2204562441,101620695.4
4/29/2018,2212045914,101639048.4
4/30/2018,2179737141,101657465.2
5/1/2018,2181890218,101675949.2
5/2/2018,2196262302,101694265.2
5/3/2018,2313954624,101710595.4
5/4/2018,2273234086,101726105.9
5/5/2018,2303242706,101741792.7
5/6/2018,2575350013,101757233.9
5/7/2018,2383999475,101772705.9
5/8/2018,2281199189,101788144.4
5/9/2018,2173109239,101803233.4
5/10/2018,2017778948,101818556.7
5/11/2018,1808671827,101833766.2
5/12/2018,1847677688,101849061.2
5/13/2018,1914361876,101864324.4
5/14/2018,1898474611,101879582.2
5/15/2018,1855642272,101894334.4
5/16/2018,1788985182,101909507.2
5/17/2018,1720437629,101924379.7
5/18/2018,1831208706,101939231.7
5/19/2018,1796746334,101954097.2
5/20/2018,1850873267,101968974.9
5/21/2018,1795503469,101983669.7
5/22/2018,1669750851,101998277.9
5/23/2018,1511628888,102013078.7
5/24/2018,1599144642,102027556.7
5/25/2018,1528959564,102041657.4
5/26/2018,1559081352,102056385.9
5/27/2018,1543199194,102070761.4
5/28/2018,1460119361,102085074.2
5/29/2018,1546998135,102100541.4
5/30/2018,1547728948,102125418.4
5/31/2018,1557731043,102149822.9
6/1/2018,1580320712,102173766.9
6/2/2018,1616075866,102198236.9
6/3/2018,1655163180,102222490.9
6/4/2018,1548613956,102247221.9
6/5/2018,1583986912,102271261.7
6/6/2018,1554131495,102295794.9
6/7/2018,1547681966,102320106.4
6/8/2018,1574421340,102344776.7
6/9/2018,1541935345,102369248.9
6/10/2018,1284915064,102393561.7
6/11/2018,1317161573,102417974.4
6/12/2018,1489425325,102443569.4
6/13/2018,1419355733,102467718.4
6/14/2018,1436036508,102491389.2
6/15/2018,1411985728,102516100.7
6/16/2018,1484371446,102541068.4
6/17/2018,1458795589,102565346.9
6/18/2018,1542078989,102590073.4
6/19/2018,1597763017,102614390.9
6/20/2018,1738930794,102639277.2
6/21/2018,1812271659,102664299.2
6/22/2018,1493442810,102688398.2
6/23/2018,1524353309,102712697.2
6/24/2018,1520932215,102737200.2
6/25/2018,1629696742,102762152.4
6/26/2018,1544144772,102786374.9
6/27/2018,1591480149,102810805.9
6/28/2018,1491657676,102835228.9
6/29/2018,1579457597,102859854.2
6/30/2018,1657454527,102884268.7
7/1/2018,1653347776,102908638.9
7/2/2018,1716990230,102932964.4
7/3/2018,1659325912,102957573.7
7/4/2018,1730944021,102981791.9
7/5/2018,1776899206,103006596.7
7/6/2018,1878429187,103031147.9
7/7/2018,1910349119,103055545.2
7/8/2018,1884218107,103080576.4
7/9/2018,1883520259,103104936.4
7/10/2018,1666996767,103128879.2
7/11/2018,1690549667,103153444.7
7/12/2018,1652325198,103178017.7
7/13/2018,1675183718,103202514.7
7/14/2018,1694378852,103226669.9
7/15/2018,1717068189,103251215.9
7/16/2018,1790812744,103275399.4
7/17/2018,1851192816,103300005.2
7/18/2018,1790669523,103324577.2
7/19/2018,1795189305,103349068.2
7/20/2018,1662361576,103373757.7
7/21/2018,1693806576,103397976.2
7/22/2018,1672481714,103422262.7
7/23/2018,1657687108,103447011.7
7/24/2018,1720456518,103471368.2
7/25/2018,1715072239,103495921.7
7/26/2018,1725965232,103520152.7
7/27/2018,1759027648,103544605.7
7/28/2018,1756466317,103569037.2
7/29/2018,1752205732,103593454.4
7/30/2018,1777755443,103618112.9
7/31/2018,1673736584,103642783.9
8/1/2018,1601124501,103666970.9
8/2/2018,1551461157,103691144.7
8/3/2018,1715615751,103715864.2
8/4/2018,1704069711,103740664.2
8/5/2018,1828199973,103765436.2
8/6/2018,1937974422,103790199.4
8/7/2018,1785409583,103814703.9
8/8/2018,1557583743,103838628.4
8/9/2018,1566685252,103862914.7
8/10/2018,1476708136,103887447.7
8/11/2018,1393773540,103911655.7
8/12/2018,1369521981,103935982.4
8/13/2018,1248364824,103960775.2
8/14/2018,1191061464,103985116.4
8/15/2018,1313238449,104009629.4
8/16/2018,1433537314,104034686.9
8/17/2018,1530358544,104059081.9
8/18/2018,1385638249,104083345.7
8/19/2018,1389055646,104107770.7
8/20/2018,1291897102,104132316.4
8/21/2018,1329916650,104156738.4
8/22/2018,1274112690,104181148.4
8/23/2018,1301143932,104205551.9
8/24/2018,1308848029,104230183.2
8/25/2018,1306314730,104254576.7
8/26/2018,1294636644,104279285.7
8/27/2018,1310954372,104303550.7
8/28/2018,1385698475,104327849.7
8/29/2018,1358470818,104352261.2
8/30/2018,1335913199,104376746.4
8/31/2018,1331882325,104401343.7
9/1/2018,1375314325,104425493.9
9/2/2018,1392100957,104449981.9
9/3/2018,1465688081,104474784.7
9/4/2018,1458059674,104499160.4
9/5/2018,1251104370,104523803.2
9/6/2018,1246609641,104548274.7
9/7/2018,1214398290,104572970.2
9/8/2018,1146499248,104597502.7
9/9/2018,1169494832,104622056.7
9/10/2018,1182169618,104646535.2
9/11/2018,1173515910,104671100.7
9/12/2018,1118097128,104695370.7
9/13/2018,1166210244,104719337.7
9/14/2018,1154236790,104743386.9
9/15/2018,1190675759,104768119.2
9/16/2018,1175030406,104792580.9
9/17/2018,1077992505,104816901.7
9/18/2018,1109488558,104840983.7
9/19/2018,1129078993,104865566.7
9/20/2018,1166886902,104889849.2
9/21/2018,1224347256,104914283.7
9/22/2018,1198866523,104938848.4
9/23/2018,1216910651,104963260.7
9/24/2018,1157901021,104987788.4
9/25/2018,1159222644,105012362.7
9/26/2018,1154380688,105036863.9
9/27/2018,1198517271,105061323.7
9/28/2018,1178333230,105085960.2
9/29/2018,1190332149,105110300.4
9/30/2018,1188441081,105134612.4
10/1/2018,1175180277,105158757.7
10/2/2018,1167556328,105183383.2
10/3/2018,1163792662,105207881.9
10/4/2018,1158382927,105232311.7
10/5/2018,1161846489,105256467.2
10/6/2018,1147786232,105280995.4
10/7/2018,1144987748,105305658.2
10/8/2018,1147562783,105330010.2
10/9/2018,1142499787,105354591.2
10/10/2018,1133521752,105378746.4
10/11/2018,976785027.4,105403587.7
10/12/2018,991396362.6,105427718.4
10/13/2018,993468342.3,105452165.2
10/14/2018,978875796.2,105476717.9
10/15/2018,1009035742,105500871.2
10/16/2018,1007273170,105525264.4
10/17/2018,1020121451,105549880.9
10/18/2018,1000117557,105574263.9
10/19/2018,1004329884,105598662.7
10/20/2018,1008670586,105623010.7
10/21/2018,1004468626,105647171.4
10/22/2018,1047215004,105671881.9
10/23/2018,1023594663,105696307.2
10/24/2018,1017028833,105720712.7
10/25/2018,1011905678,105744898.7
10/26/2018,1009237079,105769321.9
10/27/2018,1009656562,105793719.4
10/28/2018,1006608208,105818157.2
10/29/2018,951441309.9,105842682.2
10/30/2018,947030828.5,105866872.9
10/31/2018,952031961.2,105891526.7
11/1/2018,955310230.6,105916010.9
11/2/2018,961651095.4,105940092.7
11/3/2018,960791272.8,105964470.4
11/4/2018,1001830260,105989046.9
11/5/2018,995465631.5,106013576.4
11/6/2018,1050230996,106037940.2
11/7/2018,1017309744,106062070.4
11/8/2018,999263842.1,106086834.7
11/9/2018,999834980.6,106111453.7
11/10/2018,997399963.6,106135765.4
11/11/2018,965235449.8,106160081.9
11/12/2018,963027565.3,106184617.7
11/13/2018,945394915.3,106208761.4
11/14/2018,820637904.7,106233533.9
11/15/2018,805228812.8,106257954.2
11/16/2018,783835223.3,106282124.7
11/17/2018,774534958.6,106306526.4
11/18/2018,783203869.6,106330959.2
11/19/2018,647899008.6,106355264.2
11/20/2018,572102984.7,106379538.2
11/21/2018,604493139,106403716.7
11/22/2018,562140541,106428043.4
11/23/2018,544849754.7,106452615.9
11/24/2018,498195584.3,106476697.2
11/25/2018,498500679.5,106500892.7
11/26/2018,449064485.9,106525195.9
11/27/2018,477813983.5,106549453.2
11/28/2018,525908856,106573891.4
11/29/2018,518960268.7,106598249.9
11/30/2018,485424266.7,106622803.4
12/1/2018,509975407.2,106647185.2
12/2/2018,544728789.6,106672068.4
12/3/2018,476203198.7,106695869.7
12/4/2018,461748756,106720264.2
12/5/2018,424263592.5,106744294.7
12/6/2018,373450386.7,106768819.4
12/7/2018,412129212,106793329.2
12/8/2018,404814081.1,106817864.7
12/9/2018,417113697.6,106842123.7
12/10/2018,406705631.3,106866695.7
12/11/2018,391691676.1,106891202.9
12/12/2018,409600146.3,106915363.7
12/13/2018,408325226.9,106940008.9
12/14/2018,392696530.5,106964440.9
12/15/2018,381744613.8,106988890.7
12/16/2018,382739648.9,107013279.4
12/17/2018,421163517.5,107037856.4
12/18/2018,445662066.7,107062248.9
12/19/2018,471421095.9,107087128.2
12/20/2018,505101928.9,107111272.4
12/21/2018,479965251.1,107135473.4
12/22/2018,494780928.1,107160049.4
12/23/2018,520342316,107184294.9
12/24/2018,553816395.5,107209230.7
12/25/2018,499685172.4,107233422.2
12/26/2018,582766045.4,107259016.7
12/27/2018,506015375.5,107283400.7
12/28/2018,556155941.1,107307352.2
12/29/2018,560513015.3,107331844.7
12/30/2018,562255910.7,107356064.9
12/31/2018,532412720.3,107380578.9
1/1/2019,553380011.6,107404665.2
1/2/2019,578878340.9,107428914.7
1/3/2019,540432733.6,107453639.4
1/4/2019,562542092.4,107478113.7
1/5/2019,547704922,107502844.9
1/6/2019,579513400.4,107527288.4
1/7/2019,521505330.9,107551426.4
1/8/2019,531290049,107575781.4
1/9/2019,533601785.1,107600441.9
1/10/2019,470551822.1,107624873.9
1/11/2019,472837955.6,107649573.4
1/12/2019,484520797.4,107674163.9
1/13/2019,454281615.8,107700301.9
1/14/2019,470916194.4,107723087.4
1/15/2019,450569081.1,107747433.7
1/16/2019,460845619.3,107771881.9
1/17/2019,479621450.9,107796599.2
1/18/2019,469760758.8,107820863.9
1/19/2019,472637071.4,107845211.4
1/20/2019,460363957.8,107870035.2
1/21/2019,459746126.4,107894635.2
1/22/2019,463360175.7,107919172.9
1/23/2019,458827490,107943266.2
1/24/2019,464818664.5,107968008.4
1/25/2019,466610974.7,107992496.2
1/26/2019,462774535.8,108016812.9
1/27/2019,456978904,108041100.4
1/28/2019,423490949,108065222.9
1/29/2019,418695356.3,108089402.4
1/30/2019,427302813.1,108113897.2
1/31/2019,421927282,108138749.7
2/1/2019,421034621.7,108162828.2
2/2/2019,424510419.7,108187142.2
2/3/2019,416568105.8,108211704.9
2/4/2019,413586136.3,108235880.7
2/5/2019,413719998.5,108260422.4
2/6/2019,401452266.9,108284817.7
2/7/2019,411588408.6,108309362.4
2/8/2019,441315161.7,108333599.7
2/9/2019,437098581.7,108358164.9
2/10/2019,445552510.9,108383035.2
2/11/2019,435320764,108407649.7
2/12/2019,435751410.3,108432165.9
2/13/2019,441053860.1,108456175.9
2/14/2019,443116912.3,108480633.9
2/15/2019,439818989,108505143.4
2/16/2019,439944444.6,108529712.2
2/17/2019,448202501,108553811.4
2/18/2019,472215134,108578018.9
2/19/2019,496325375.2,108602781.4
2/20/2019,499745129.4,108627078.7
2/21/2019,478994446.8,108651415.4
2/22/2019,509184161.3,108676189.9
2/23/2019,523868777.1,108700491.7
2/24/2019,464384326.5,108724851.9
2/25/2019,464663350.4,108749307.4
2/26/2019,467753843.4,108774081.9
2/27/2019,473891582.8,108798652.2
2/28/2019,471099862.5,108822637.4
3/1/2019,467942452.2,108847187.4
3/2/2019,465843369.7,108871331.2
3/3/2019,463728986.9,108896318.9
3/4/2019,447865589.8,108920217.2
3/5/2019,467456019.9,108944758.9
3/6/2019,471637313.8,108968944.9
3/7/2019,476597985,108993516.7
3/8/2019,462223549.8,109018229.9
3/9/2019,463182570.4,109042581.7
3/10/2019,472137005.6,109067190.2
3/11/2019,460347557.3,109091701.9
3/12/2019,463701948.5,109116189.2
3/13/2019,458213715.5,109140868.2
3/14/2019,464931837.8,109165236.4
3/15/2019,477657841,109189740.9
3/16/2019,488601066.5,109214221.9
3/17/2019,480641431.2,109238598.2
3/18/2019,477457901,109262886.2
3/19/2019,499353131.8,109287494.4
3/20/2019,506794337.7,109311982.9
3/21/2019,520891717.7,109336918.4
3/22/2019,530034693.8,109361627.4
3/23/2019,530089230.7,109385910.7
3/24/2019,523904357.8,109410508.4
3/25/2019,509215318.5,109434836.2
3/26/2019,505422642.6,109458986.9
3/27/2019,524006445.5,109483595.2
3/28/2019,513737052.9,109507985.7
3/29/2019,531844529.4,109532379.4
3/30/2019,522843462.7,109556697.2
3/31/2019,527280112.3,109581061.4
4/1/2019,526753609.1,109605525.2
4/2/2019,599189226.1,109630023.9
4/3/2019,596123466.6,109654695.4
4/4/2019,586008853.2,109679191.9
4/5/2019,631008626.2,109703601.4
4/6/2019,656693357.1,109728063.4
4/7/2019,870785983.1,109753728.7
4/8/2019,798830896.7,109777586.2
4/9/2019,768469787.6,109802087.9
4/10/2019,775251148.4,109826589.9
4/11/2019,692919623.8,109850667.9
4/12/2019,701933340.3,109875261.9
4/13/2019,694121237.5,109899854.7
4/14/2019,707809439.9,109924187.7
4/15/2019,677382878.3,109948627.2
4/16/2019,691002881.5,109972925.7
4/17/2019,682411008.3,109997196.4
4/18/2019,696534220,110021669.2
4/19/2019,692118478.8,110046212.4
4/20/2019,685414087.3,110070526.4
4/21/2019,651783640.6,110095252.4
4/22/2019,654489726.7,110119461.9
4/23/2019,654675964.7,110143849.4
4/24/2019,613254991.3,110168050.4
4/25/2019,588840707.3,110192474.7
4/26/2019,586917572.1,110217015.2
4/27/2019,606096057.7,110241502.9
4/28/2019,601752720,110266040.9
4/29/2019,605675500.6,110290685.2
4/30/2019,641525829,110315167.7
5/1/2019,633269900.8,110339980.9
5/2/2019,626218227.6,110364142.2
5/3/2019,656758078.1,110388688.4
5/4/2019,639585978,110413361.9
5/5/2019,628660231,110437466.4
5/6/2019,623493403.7,110461726.4
5/7/2019,620813838.4,110486306.4
5/8/2019,626638319.6,110510692.4
5/9/2019,612882297.7,110535159.9
5/10/2019,620605528.3,110559344.2
5/11/2019,695226658.4,110583711.4
5/12/2019,645338143.9,110608375.9
5/13/2019,671563272,110632514.9
5/14/2019,724002942.6,110657044.9
5/15/2019,846672854.9,110681997.7
5/16/2019,844683023.5,110705996.9
5/17/2019,801703422.1,110730641.9
5/18/2019,796708472,110755400.2
5/19/2019,866920668.8,110779591.9
5/20/2019,822411161.7,110804025.2
5/21/2019,826462169.2,110828184.9
5/22/2019,770029683.5,110852669.9
5/23/2019,784437190.5,110876895.9
5/24/2019,810093298.7,110901446.4
5/25/2019,811438344.7,110926171.7
5/26/2019,856455075.7,110950323.7
5/27/2019,911727117.5,110975274.2
5/28/2019,913896796.2,110999553.2
5/29/2019,910578308.9,111024246.9
5/30/2019,901805406.7,111048729.2
5/31/2019,961488833.8,111073269.4
6/1/2019,953723466.1,111097717.7
6/2/2019,1063816977,111122793.7
6/3/2019,1049745606,111147311.4
6/4/2019,915900785.6,111171387.4
6/5/2019,906577489.1,111195634.9
6/6/2019,886822612.7,111220225.9
6/7/2019,923301370.2,111244762.9
6/8/2019,942704086.2,111269451.7
6/9/2019,902234355.7,111293799.7
6/10/2019,924343637.6,111318320.9
6/11/2019,919549093.5,111342595.7
6/12/2019,956421382.5,111367052.2
6/13/2019,952451761.5,111391313.9
6/14/2019,954036929,111416054.7
6/15/2019,959155521.9,111440407.4
6/16/2019,974943698.6,111465249.4
6/17/2019,982846676.9,111489715.2
6/18/2019,939414473.2,111513963.7
6/19/2019,954029804,111538676.7
6/20/2019,949085161.5,111562939.9
6/21/2019,978222929.7,111587329.4
6/22/2019,1015957470,111611708.4
6/23/2019,1026438323,111636333.4
6/24/2019,1037606637,111660548.7
6/25/2019,1029579095,111685435.4
6/26/2019,1004986248,111709237.4
6/27/2019,851718893.2,111733273.9
6/28/2019,893914932,111757761.9
6/29/2019,923654249.6,111782352.9
6/30/2019,867563920.9,111806837.9
7/1/2019,868510585,111831271.2
7/2/2019,859698479.7,111855613.2
7/3/2019,879458646,111879930.7
7/4/2019,866004083.7,111904494.2
7/5/2019,877382339.7,111928972.7
7/6/2019,882664856.8,111953643.4
7/7/2019,902786373.2,111977924.9
7/8/2019,912524979.2,112002302.4
7/9/2019,888738710.3,112026651.9
7/10/2019,852435196.2,112050826.2
7/11/2019,742689886.2,112075451.4
7/12/2019,768155131.5,112099894.9
7/13/2019,759803786.2,112124242.2
7/14/2019,642461264.6,112148813.9
7/15/2019,654530184.6,112173461.7
7/16/2019,601294250.1,112197816.7
7/17/2019,638160028.8,112222487.4
7/18/2019,680510697,112247012.9
7/19/2019,662250111,112271144.4
7/20/2019,697356250.3,112295691.4
7/21/2019,703741972.7,112320199.2
7/22/2019,713053909.5,112344577.7
7/23/2019,677727500.8,112369408.7
7/24/2019,685014923.7,112393606.7
7/25/2019,677891891.8,112417772.7
7/26/2019,700942299.6,112442445.2
7/27/2019,664600864.4,112467095.4
7/28/2019,663418335.3,112491673.9
7/29/2019,666947056.6,112516147.4
7/30/2019,668259839.5,112540721.9
7/31/2019,680980916.2,112564804.9
8/1/2019,674220789.8,112589145.7
8/2/2019,662175717.5,112613677.7
8/3/2019,663192134.6,112638051.2
8/4/2019,690565539.9,112662902.2
8/5/2019,696084114.5,112687299.9
8/6/2019,660143438.1,112711394.9
8/7/2019,667196131.1,112736014.7
8/8/2019,676657202.4,112760607.7
8/9/2019,655129079.3,112785094.9
8/10/2019,638811201.3,112809528.2
8/11/2019,657819870.8,112833900.4
8/12/2019,653073195.9,112858554.2
8/13/2019,669925563.2,112883324.7
8/14/2019,630547957.6,112907725.2
8/15/2019,637832844,112932250.2
8/16/2019,625653301.9,112956852.7
8/17/2019,617778385.9,112981167.9
8/18/2019,630894485.3,113005493.2
8/19/2019,627012303.7,113029648.4
8/20/2019,683342644.5,113054578.2
8/21/2019,688269469.2,113079281.2
8/22/2019,818297774.2,113104595.7
8/23/2019,810083454,113128782.7
8/24/2019,777768554.2,113153122.2
8/25/2019,808241680.6,113177943.9
8/26/2019,830079159.2,113202361.9
8/27/2019,814285137.7,113226835.9
8/28/2019,732258406.6,113251441.9
8/29/2019,673521514.3,113275447.4
8/30/2019,716987271.9,113300459.2
8/31/2019,711649219.1,113324715.9
9/1/2019,708853647.9,113349207.7
9/2/2019,766675233,113373915.4
9/3/2019,774339569.7,113398473.4
9/4/2019,767328785.6,113422743.9
9/5/2019,803308231.4,113448028.2
9/6/2019,766511140,113472128.9
9/7/2019,760424143.2,113496336.9
9/8/2019,755611606,113520552.9
9/9/2019,752767090,113544922.9
9/10/2019,738660996.9,113569220.2
9/11/2019,718075738.7,113593411.7
9/12/2019,708230353.1,113618227.2
9/13/2019,702671731.7,113645343.9
9/14/2019,713403312.8,113671978.9
9/15/2019,709989527.2,113698465.4
9/16/2019,707628287.6,113724928.2
9/17/2019,719105998.5,113751370.4
9/18/2019,728021441.6,113778304.2
9/19/2019,709002668.6,113804779.9
9/20/2019,701921315.2,113831514.9
9/21/2019,697819310.2,113858518.4
9/22/2019,685336695,113885492.9
9/23/2019,663780747.8,113912589.7
9/24/2019,538258727.5,113939158.4
9/25/2019,549918336.4,113965921.7
9/26/2019,536159700,113992415.7
9/27/2019,533436341.9,114018956.4
9/28/2019,534433281.2,114045384.4
9/29/2019,520015118.8,114070955.4
9/30/2019,537344376.4,114097936.4
10/1/2019,529089185.8,114124357.2
10/2/2019,534820967.7,114150541.2
10/3/2019,529038475.7,114177077.9
10/4/2019,525732024.6,114203679.2
10/5/2019,528256940.7,114230495.7
10/6/2019,512529705.6,114256927.2
10/7/2019,535998973.1,114282853.9
10/8/2019,529023145.3,114308712.4
10/9/2019,581693008.3,114334530.4
10/10/2019,554856158.2,114359714.4
10/11/2019,532163576.6,114386315.2
10/12/2019,540101558.6,114412493.2
10/13/2019,542716338.3,114439066.9
10/14/2019,547372430.8,114465359.2
10/15/2019,519925553.2,114491935.2
10/16/2019,507000045.7,114518546.7
10/17/2019,515685465.4,114544512.2
10/18/2019,507256390.1,114571169.4
10/19/2019,505777614,114597885.4
10/20/2019,517587023.8,114624491.2
10/21/2019,526882184.3,114650993.7
10/22/2019,509941100.8,114677583.7
10/23/2019,486027072.9,114704453.7
10/24/2019,491939319.2,114730794.7
10/25/2019,545030129.2,114757248.9
10/26/2019,526342199,114783538.2
10/27/2019,550203286.9,114810229.4
10/28/2019,548340976.8,114836852.9
10/29/2019,566259712.6,114862850.7
10/30/2019,551301782.4,114889368.9
10/31/2019,552799668.3,114915820.4
11/1/2019,560790095.2,114942518.7
11/2/2019,566530039,114969083.2
11/3/2019,561770693.1,114995664.4
11/4/2019,570484726.5,115021704.9
