date,AdrActCnt,BlkCnt,CapMrktCurUSD,FeeMeanNtv,FeeMeanUSD,FeeMedNtv,FeeMedUSD,FeeTotNtv,FeeTotUSD,IssTotNtv,IssTotUSD,NVTAdj,NVTAdj90,PriceBTC,PriceUSD,ROI1yr,ROI30d,SplyCur,TxCnt,TxTfrCnt,TxTfrValAdjNtv,TxTfrValAdjUSD,TxTfrValMeanNtv,TxTfrValMeanUSD,TxTfrValMedNtv,TxTfrValMedUSD,TxTfrValNtv,TxTfrValUSD,VtyDayRet180d,VtyDayRet30d,VtyDayRet60d
2019-04-18,18,165864,4393534538.30302,0.000625,0.0137297954321969375,0.000625,0.0137297954321969375,0.00625,0.137297954321969375,0,0,1879610.92053945,,0.004161724534409328,21.9676726915151,,,200000000,10,10,106.405,2337.4702127406642155,10.639875,233.7332914786342246125,1,21.9676726915151,106.39875,2337.332914786342246125,,,
2019-04-19,29,218479,4865168460.76078,0.000625,0.0152036514398774375,0.000625,0.0152036514398774375,0.0175,0.42570224031656825,0,0,20133748.49122722,,0.004598500306755016,24.3258423038039,,,200000000,28,28,9.93357,241.642457333797306923,0.354145357142857,8.614884110481451477486813742,0.1,2.43258423038039,9.91607,241.216755093480738673,,,
2019-04-20,9,219207,4986854146.27792,0.000625,0.0155839192071185,0.000625,0.0155839192071185,0.004375,0.1090874344498295,0,0,95234.25979166,,0.004692208541788438,24.9342707313896,,,200000000,7,7,2100.084575,52364.07735186526727542,300.011457142857,7480.566894918684644521324087,0.01,0.249342707313896,2100.0802,52363.96826443081744592,,,
2019-04-21,12,219685,4839555146.92434,0.000625,0.0151236098341385625,0.000625,0.0151236098341385625,0.0075,0.18148331800966275,0,0,3072197092.50339363,,0.004569296063541112,24.1977757346217,,,200000000,12,12,0.06509999,1.575274958346115323783,0.00479999916666667,0.1161493033613711284745024487,0.00375,0.090741659004831375,0.05759999,1.393791640336452573783,,,
2019-04-22,36,219413,4776442486.72908,0.000625,0.014926382771028375,0.000625,0.014926382771028375,0.036875,0.880656583490674125,0,0,399.99278402,,0.004435939771732448,23.8822124336454,,,200000000,59,59,500009.02013182,11941321.63752700472451113663,8474.7451929122,202395.6650181443268648881339,0.0091,0.21732813314617314,500009.96638182,11941344.23607052006147088663,,,
2019-04-23,289,221448,4559480128.34512,3.11139226100154,70.93165592761657352256985742,0.000625,0.0142483754010785,2050.4075,46743.961256298983182,0,0,538.82038492,,0.004111445463373823,22.7974006417256,,,200000000,692,635,371181.20545516,8461966.651439946363435824096,581.315656249386,13252.48591482489069243098048,1,22.7974006417256,369135.44171836,8415328.555913803081979602016,,,
2019-04-24,390,219518,4612294509.7463,0.000624999999999989,0.01441342034295693382380196395,0.000625,0.0144134203429571875,0.658125,15.1773316211339184375,0,0,1016.9629082,,0.0042455253419053235,23.0614725487315,,,200000000,1053,1034,196664.00651149,4535361.587488279602339674935,198.508810961896,4577.905494679095273249634924,8.914062,205.571396110690612353,205258.1105346,4733554.2814981738120168599,,,
2019-04-25,487,221595,4384902823.78848,0.461836107814429,10.12553226641485308261293989,0.0001,0.00219245141189424,4411.92033795,96729.20974103389990458408,0,0,40.02877756,,0.004275723784110205,21.9245141189424,,,200000000,17740,1601,4996405.39121284,109543760.5436058361635541004,3127.04064865043,68558.84685184315328905890523,14.99,328.648466642946576,5006392.07848934,109762713.809800922837270474,,,
2019-04-26,460,219697,4476001556.75554,0.00185800359823399,0.04158213499076367065349074402,0.0001,0.00223800077837777,11.78345882,263.713900111423991984314,0,0,179.57357833,,0.004345493641145521,22.3800077837777,,,200000000,10883,1982,1113749.59422517,24925724.58793855951392702471,674.572410778431,15096.93580394297383239085879,32.819982195,734.5114569875455238380515,1337002.51816285,29922126.76341496871983679844,,,
2019-04-27,715,219569,4382876227.44826,0.000416041635044654,0.00911729495932959461682787301,0.000625,0.0136964882107758125,1.49109322,32.676385134236391933986,0,0,762.3706573,,0.004229099599367966,21.9143811372413,,,200000000,5034,2124,262339.58257053,5749009.599835379145366878889,144.161354093974,3159.206858876147685711313926,11.25614917,246.671543049022315084721,306198.7160956,6710155.36825292067889106828,,,
2019-04-28,550,219380,4211419865.7822343401176,0.00106717070504089,0.02386200611889008884598401473,0.000625,0.01397504050088675,3.13321319,70.058849965060114873972,0,0,789.47299637,,0.004342882039742849,22.3600648014188,,,188345602,4464,1480,238571.30372604,5334469.811073220813118505552,171.187734397777,3827.768834342363853513166008,11.69572,261.517057099249887536,253357.84690871,5665097.874826699397602077748,,,
2019-04-29,491,218889,4023384418.0488898305588,0.63302114798162,13.52241515618012867145216623,0.0001,0.00213617115309594,2000.97984877,42744.354308687505385009938,0,0,859.04290066,,0.004148871481589718,21.3617115309594,,,188345602,5246,1210,219250.51921666,4683566.344519361438226263604,184.286333469207,3936.671494667388380187067196,9.778774045,208.891350275722994668773,222986.46349774,4763372.508547529900021931756,,,
2019-04-30,472,215271,4106539487.3865703377852,1.08392506109796,23.6330501880615911177421703,0.0001,0.00218032141116126,3011.14381973,65652.613422432202913996598,0,0,416.27593963,,0.004139888876168855,21.8032141116126,,,188345602,4382,1193,452453.73097828,9864945.572117405486106374328,391.340700254417,8532.485078235461337454142854,10.84721905,236.50423946271302094003,466869.45540352,10179254.69833491669145091635,,,
2019-05-01,467,219291,4070088523.9260017249416,0.000633563093922663,0.01369109684736722572225749062,0.0001,0.00216096817802308,1.60544888,34.693239411227944001504,0,0,1983.87239732,,0.00406565737580363,21.6096817802308,,,188345602,3912,1158,94938.36511583,2051587.858888450915246133564,91.3547602970207,1974.147299127880287749398378,9.165,198.052733515815282,105788.81242395,2286062.57239008600853844766,,,
2019-05-02,544,219969,4355303634.2015362358598,0.278084148197212,6.430417744806995837090758799,0.0001,0.00231239996472099,1001.10293351,23149.503881306035976713749,0,0,292.26196084,,0.004287677530683798,23.1239996472099,,,188345602,6023,1239,644441.04001529,14902054.38196114700890183937,529.763343216094,12250.24736163369482645987613,6.75226859,156.139456493026488907041,656376.78224474,15178056.48106413711419995093,,,
2019-05-03,621,219872,4392674265.9277536930312,0.853973323508221,19.91672012582146095063820347,0.0001,0.00233224148548356,3011.10993869,70226.355163646768766029364,0,0,974.68870614,,0.004121711014201686,23.3224148548356,,,188345602,5758,1304,193236.67219393,4506745.834074710363921467908,160.167789390345,3735.499630543562036999202282,6.60037574,153.936701206072515928344,208858.79736501,4871091.518228807694936742356,,,
2019-05-04,506,219736,4264730098.389150059432,0.000318636507503401,0.007214921344408957836432259316,0.0001,0.0022643109544916,0.93424224,21.15414938180770445184,0,0,1245.51710506,,0.0039210800233781444,22.643109544916,,,188345602,4890,1058,151218.79999525,3424063.853543188850461649,157.318931373686,3562.189796583494638197480376,5.522917395,125.05602358250711021382,166443.42939336,3768796.80478534212755215776,,,
2019-05-05,418,219256,4283716364.3161997017202,0.0047923089546598,0.10899586756443214413353635,0.0001,0.00227439150095801,11.41527993,259.628156538485473257393,0,0,1726.00692573,,0.003970411767971952,22.7439150095801,,,188345602,3901,930,109122.15889284,2481865.107520648263009296484,154.091370059591,3504.641024345093373072887739,5.2551889,119.52356970088873518089,143304.97415542,3259316.152640945252206339142,,,
2019-05-06,415,222110,4139282216.8836965219752,0.31794755863809,6.987551933239366369417142484,0.0001,0.00219770579877076,1001.53480971,22010.788589704366685120796,0,0,537.52050504,,0.0038612546125866894,21.9770579877076,,,188345602,5146,1157,350397.05506068,7700696.397790537119812097168,310.895191819533,6832.561658717354217991572551,6.18976,136.032714449992994176,359705.7369352,7905273.83913598584089774752,,,
2019-05-07,415,222460,3944465324.6770392512526,0.0069371804407893,0.1452832846063545061788560866,0.0001,0.00209426993929863,21.08902854,441.661185203328756529002,0,0,237.74196348,,0.003594853495557024,20.9426993929863,,,188345602,5023,1153,792226.99787669,16591371.86753951444197825935,708.113813885958,14829.81474023466641857325638,15.07111975,315.629930439948837409425,816455.22741051,17098776.39549057930220490601,,,
2019-05-08,197,222574,3860150922.5296470359222,0.000205285990795185,0.004207344893301230402245292504,0.0001,0.00204950414638811,0.80287351,16.454925877701756979661,0,0,1866.91698426,,0.003455113019349898,20.4950414638811,,,188345602,7615,421,100885.9009738,2067660.72357903364401741518,246.078650530333,5043.392145995081673179455406,40.393,827.8562098505492723,103599.11187327,2123268.093463925428865548197,,,
2019-05-09,137,223652,3513281741.0966971217908,0.000184041309045218,0.003432992136849039924169940037,0.0001,0.00186533781717754,0.73248441,13.663308704659782521514,0,0,5734.66850385,,0.0030330003581691537,18.6533781717754,,,188345602,7841,248,32843.32858536,612639.028522601251161648144,132.240005649032,2466.722834809109096460731413,5.13737707,95.829437297717461150078,32795.52140096,611747.263032660249738464384,,,
2019-05-10,113,224047,3669694979.2749127956656,0.000172894288554379,0.003368644109105943641753526471,0.0001,0.00194838368419928,0.60876079,11.860995908162642102312,0,0,2820.40277507,,0.0030647186353009886,19.4838368419928,,,188345602,6869,192,66779.68255624,1301124.439285852835279675072,347.728912385781,6775.093394168166316574424377,4.129766065,80.463688206058632414332,66763.95117807,1300817.931680288868006457896,,,
2019-05-11,121,230352,4060420984.0822285482994,0.000238318749670265,0.00513775974477696427261770627,0.0001,0.00215583530539897,0.90346638,19.477247192450018816286,0,0,11828.54086454,,0.002943086578690365,21.5583530539897,,,188345602,7391,224,15922.97851079,343273.192406701961773998863,84.0540187964732,1812.066212821055659255549126,0.8118666,17.50250679554223417402,18828.10021041,405902.831671916536659972777,,,
2019-05-12,92,230321,3917087197.0282550042658,0.000209987984886643,0.004367191154955834875392576695,0.0001,0.00207973382730129,0.58355661,12.136424219622662410269,0,0,64873.82263817,,0.0029956023465809506,20.7973382730129,,,188345602,5511,119,2903.26042679,60380.089190603433593175591,23.3581181779832,485.7866851685283510355095833,0.513,10.6690345340556177,2779.61606318,57808.615535054857135355022,,,
2019-05-13,119,230376,4414619589.4617154197368,0.000178850579826847,0.004192066418891931784214455495,0.0001,0.00234389311063484,0.88835083,20.821993902637419409172,0,0,6592.8533617,,0.003005412797611658,23.4389311063484,,,188345602,9996,157,28568.14669868,669606.822306415003449900112,187.807983938662,4402.018396760485449424401841,0.5875,13.770372024979685,29485.85347837,691116.888291397762529084108,,,
2019-05-14,145,230519,4441394742.1836560480278,0.0002937382411931,0.00692666813644689697194183209,0.0001,0.00235810907980939,1.14234802,26.937812382642786439078,0,0,17144.62474943,,0.002964102799532432,23.5810907980939,,,188345602,7609,211,10985.69404421,259054.648736595392850331319,50.82826574109,1198.585949550288823642908351,0.1475,3.47821089271885025,10724.76407137,252901.635355111177599561643,,,
2019-05-15,529,226602,5083532808.4194021667628,0.00522574736578679,0.1410452800617474118996008949,0.000625,0.016869032095913375,11.48619271,310.017525575737965946394,0,0,1963.50795605,,0.0032854256605330556,26.9904513534614,,,188345602,3147,1190,95923.01442924,2589005.454629778159619371336,102.736675248445,2772.909235509516663355717523,7.0065,189.1085974080272991,122256.64354565,3299761.99025633697509641291,,,
2019-05-16,990,227410,4954990185.0576443495034,1.57862610328346,41.53044597051615491224988728,0.000625,0.0164424803806198125,6014.56545351,158230.999147667007974325867,0,0,1.5758177,,0.0033461878674787083,26.3079686089917,,,188345602,4159,3278,119522456.44390356,3144393032.19579258951486364,36486.7453848972,959892.1522301483203053001532,17.815473425,468.6889156192258473955725,119603551.37169293,3146526475.010423784150849319,,,
2019-05-17,629,232314,4813021644.3843695439238,0.374766061060612,9.576847796347269164554818843,0.000625,0.0159713765322761875,1014.11696123,25914.950136915299652143537,0,0,184.0238596,,0.0034877138106370535,25.5542024516419,,,188345602,3030,2332,1023484.68512442,26154334.8498243916233347852,456.671486998623,11669.8756326551639277293891,21.309680905,544.5519000262575823279195,1064957.90768079,27214149.9753518720245565891,,,
2019-05-18,673,232526,5434353095.0521996555158,0.0037935229971456,0.1094548703117043748081479782,0.000625,0.0180331828741486875,11.96097801,345.111206092801677852579,0,0,270.34674109,,0.003964432797836008,28.8530925986379,,31.343419959922546,188345602,3404,2925,696681.60687901,20101418.91504792250959610048,268.083624974222,7735.041655559743273379812214,45.54599788,1314.142894329005484287652,784144.6030496,22624996.84251226782914613984,,0.05840702743131525,
2019-05-19,827,232589,5534522454.2339425149964,0.000661371319570561,0.01943435036380410072821089193,0.000625,0.018365581660336375,4.00460334,117.674991452841268557588,0,0,83.63410215,,0.00357492094559592,29.3849306565382,,20.79717647410382,188345602,6146,5859,2252019.17823228,66175427.3895496891825002931,413.790699132495,12159.21100032882708553982881,50.001,1469.2759177575665382,2424399.70621729,71240817.25092665064012838548,,0.05575630017686326,
2019-05-20,4567,232250,5529573083.2707208032036,0.19628282961106,5.762599390696314641768813508,0.0001,0.00293586525225618,1014.38966343,29781.113651119784783374974,0,0,201.27899066,,0.0036785039238831914,29.3586525225618,,17.74417964268903,188345602,7999,6280,935743.97099274,27472182.09445800200759400133,170.469898724599,5004.766522211803003892157718,0.68158,20.010270386327671644,1070550.96399048,31429933.75949007236756041166,,0.05566070333509423,
2019-05-21,801,231989,6124298038.0938527593614,0.000339786862842915,0.01104860424337877223898931884,0.0001,0.00325162784427207,2.72509064,88.609806031891955704248,0,0,263.53830454,,0.004072777864704572,32.5162784427207,,34.37713779699614,188345602,13383,2619,714680.17648646,23238739.61612650460608911172,299.901844383013,9751.691877443543662152583469,13.60060653,442.241108919365383386171,785442.93043911,25539681.02702460680663408658,,0.057941942235242495,
2019-05-22,761,231715,5903605620.0488580589832,0.373847199811402,11.71806724664651970911606226,0.0001,0.00313445366250116,2002.32560219,62761.968173042862185735404,0,0,310.63654504,,0.004087759097019291,31.3445366250116,,31.246368870135477,188345602,8353,2323,606321.45511072,19004865.05624828979899928435,281.419151661425,8820.95290623122997434989753,9.9843,312.95325702510331788,653736.68930949,20491073.60117513861066724008,,0.05842215136044685,
2019-05-23,641,231736,5967934318.9897029661454,0.255635971141053,8.100102519733651631794481873,0.0001,0.00316860826885127,1032.76932341,32724.414179728574958192307,0,0,343.00394858,,0.004012180799420947,31.6860826885127,,38.98989269205689,188345602,6216,1803,549106.22102481,17399025.12416886051900870009,351.113457113217,11125.41003513895150914924236,10.70622536,339.238342038811649422072,633057.56317513,20059114.29335552161778932915,,0.0574723281604462,
2019-05-24,796,233765,6420676235.4558921018496,0.293055500633641,9.990222594037783257418946157,0.0001,0.00340898654774848,5204.37263575,177416.3630474205008565616,0,0,349.06168671,,0.004268115324515134,34.0898654774848,,47.821720427648565,188345602,34600,2196,539576.84033862,18394101.90190984978001790298,280.948584416749,9577.499448856755789399512915,9.52321475,324.6451097406990402608,616963.09137918,21032188.78968940830526948646,,0.058582268900117654,
2019-05-25,779,235673,6639813358.1090368249314,0.000160122245668492,0.005644845509692708633487040404,0.0001,0.00352533496275057,4.02931619,142.046892405839186327283,0,0,257.0961202,,0.004373001098772644,35.2533496275057,,60.79421161286952,188345602,51040,1958,732588.2703207,25826190.42662529440368007799,425.322615635582,14994.04687348639471435482782,10.9975,387.69871252849393575,832781.68141447,29358343.77828637650319398748,,0.057435763390023035,
2019-05-26,776,235403,6367477451.3553894543634,0.000147392785041641,0.00498296867715085274457399701,0.0001,0.00338074124574217,4.83610467,163.496185265953259529339,0,0,307.58208674,,0.0038718794973699533,33.8074124574217,,51.060771667502415,188345602,66509,2199,612342.55869422,20701717.44700845173889989257,304.000799759827,10277.48042486653506522365805,16.51383707,558.290101080150266082419,668497.75867186,22600179.45428152504419194336,,0.05838206461715383,
2019-05-27,964,235097,6355415747.5769742548386,0.190710797362673,6.435225414988417273527493869,0.0001,0.00337433721843793,5004.63274439,168873.185340083365247707127,0,0,125.54905955,,0.0038271734703974373,33.7433721843793,,53.97821171885986,188345602,51629,3078,1500175.33123928,50620974.5438315235033265789,518.456354486764,17494.46573080336644902940559,22.1767105,748.31699622673235829265,1595808.65911026,53847965.51941277569740836162,,0.05809290650991599,
2019-05-28,1448,233210,6238825713.9776535499098,0.00112960474255447,0.037417423288067723639442525,0.0001,0.00331243503842349,25.18566734,834.258869630941371818166,0,0,302.95576201,,0.003799044876793805,33.1243503842349,,48.14067257145462,188345602,41658,4313,621693.41408803,20593190.47982314332327279825,151.950857618818,5033.273448950716600380772348,14,463.7409053792886,655364.04890996,21708508.3853243733225135896,,0.05838889216526432,
2019-05-29,1869,232954,6334311073.9159421836672,0.149308410008442,5.021438806653186705051259891,0.0001,0.00336313192697536,3034.3948166,102050.70086756002099918976,0,0,385.89862346,,0.003885548371522753,33.6313192697536,,57.437381461742554,188345602,38508,3392,488070.15767228,16414443.29871542822198515021,183.958979746212,6186.783180382991852495773363,2.64127701,88.829630403170172044736,623988.85929915,20985568.54785907123468918944,,0.05732390194995898,
2019-05-30,1895,232393,5976530842.7175556010254,0.437120533442464,13.87058854766376129966410745,0.0001,0.00317317249739527,5034.75430419,159761.438891981671962471813,0,0,508.91219841,,0.003836215571166621,31.7317249739527,,45.536914014214446,188345602,19798,3458,370094.49289423,11743736.66289419816198612292,133.358187460014,4231.685327505992027922777338,2.49701988,79.234748086652374079676,461152.61223673,14633167.86251577082253622267,,0.0588478303146676,
2019-05-31,2968,232076,6188075109.2791934084844,0.51849360661325,17.03505336643777916248860915,0.0005693,0.01870429212205679646,5024.72154169,165086.702174181183843726918,0,0,505.78542741,,0.0038398834190531846,32.8548957000822,,52.037850599627376,188345602,14495,4718,372382.42106579,12234585.60466062312311460794,80.2810783540017,2637.62645601085263576338894,3.99645885,131.30323868642045391747,378766.12767418,12444321.6194592020587208176,,0.058840069543654366,
2019-06-01,6596,235018,6213436006.8122931906228,0.0467232004787975,1.541377197692515080207798842,0.000625,0.020618466600869625,3184.46645183,105054.104285834648825876262,0,0,118.48256921,,0.0038562582756391907,32.9895465613914,,42.66367006008781,188345602,74376,34307,1589648.19266361,52441773.06810784900795374695,47.02140883,1551.214955979505713046062,9.23868,304.779864025795499352,1613163.47277057,53217531.4961005668687521711,,0.057975733764398706,
2019-06-02,9409,235226,6260240378.344946764791,0.0030778493764601,0.1023017088818423002563219296,0.0007202,0.0239380430050287591,249.27194315,8285.313100627303530255825,0,0,143.24662455,,0.003801086978807618,33.2380491599955,,42.515470061214614,188345602,83724,46828,1314834.48626095,43702533.29159888393311382572,29.08080316,966.58916504423248198578,8.1650125,271.38908686697775744375,1361795.8505865,45263437.42767197375101236075,,0.05797808432615506,
2019-06-03,11138,235292,5811598720.9423398833684,0.0137348225530915,0.4238021824471195484864356643,0.00076676,0.023659174347324279592,1298.27036701,40059.477493680251548580642,0,0,127.92479739,,0.003775176969608424,30.8560362399242,,36.271196227340724,188345602,96837,57705,1472315.03078015,45429805.94633742239330286463,26.83527656,828.030266043748420436752,6.704456,206.8729373049772422352,1548529.6336417,47781486.49424483982897795914,,0.059633843768382745,
2019-06-04,11969,235721,5475892592.7472142608954,0.0302620796525092,0.8798288680523653532008344168,0.0007961,0.02314552634516019797,3359.45398638,97671.562300102674149009526,0,0,122.02932438,,0.003800506209818815,29.0736419358877,,27.83041936114085,188345602,110932,68612,1543445.42145733,44873579.53103569480176122184,23.55819365,684.922486836403321253105,7.17,208.458012680314809,1616374.78299357,46993901.67495323748222134209,,0.06097856892731414,
2019-06-05,12420,236266,5834869150.8369384536348,0.00380828315206785,0.1179790430235411352165400086,0.00087953,0.027247477030207546222,473.34293782,14663.969194525950010863668,0,0,114.48612516,,0.003972483343474798,30.9795879960974,,40.96330825274782,188345602,126837,74315,1645139.10949745,50965731.80849756816187525163,23.65638566,732.865081223586669323284,8.2999,257.12748240880881026,1758024.30035159,54462868.51201964771036788487,,0.0612425960960856,
2019-06-06,11830,234251,5879034037.962940308345,0.0682995478191092,2.131907313694643602331619537,0.0002,0.0062428153092345,4063.61819659,126842.089442779710317051775,0,0,299.47215494,,0.0040137877323202864,31.2140765461725,,49.04514437439751,188345602,82554,31007,628925.25697566,19631321.11305946130569866135,20.78764815,648.867240569001159205875,0.5,15.60703827308625,644562.60619326,20119426.52851685835884829735,,0.06020715215909329,
2019-06-07,1252,232594,5948116936.0212819218982,0.00140563703997314,0.04439123289623220231498139997,0.0001,0.00315808645004691,37.76665599,1192.703645456019693324909,0,0,673.87414264,,0.003935825140268852,31.5808645004691,,54.09026888832994,188345602,43204,7238,279496.70433002,8826747.547774036806291212382,40.29212524,1272.460147640371015950084,0.0830206,2.62186231934764496346,291634.40249862,9210066.548984185355202102642,,0.05984725631956652,
2019-06-08,943,232714,6003783312.4775497868772,0.048233684976292,1.537517148714526454511182311,0.0001,0.00318764189273586,1007.4569781,32114.12068520633857104666,0,0,919.48745769,,0.004014760854397769,31.8764189273586,,70.88818247190798,188345602,32570,6427,204837.59775638,6529489.078156138929559697868,34.80171918,1109.354179973970816357948,0.0711542,2.26814108764105929612,223670.64919616,7129819.315531060254522062976,,0.05624798130775878,
2019-06-09,931,233787,5692029813.1668375546066,0.000259434687704845,0.007840427179104536422468671688,0.0001,0.00302211984390633,5.54100606,167.455843691312286023598,0,0,1430.74671019,,0.00395872912624196,30.2211984390633,,55.1090716071316,188345602,33485,5988,131641.47130891,3978363.027236827083925344003,24.66810236,745.499616536685706919388,0.0695574,2.10210798830530158342,147712.5969273,4464051.70368930516387019809,,0.057489200347127956,
2019-06-10,2401,235789,6039862321.6116944339688,0.121630330179686,3.900438558780232240219271378,0.0001,0.00320679764086644,5029.53578326,161287.034844115104904477944,0,0,675.78219103,,0.004011855707188781,32.0679764086644,,48.74965786280106,188345602,63544,12082,278707.55474223,8937587.290390373460680577612,23.44815158,751.934771694226876549752,1,32.0679764086644,283300.56736466,9084875.910811156509898360104,,0.055799237120684166,
2019-06-11,8991,236612,6035858058.496004029518,0.0227890921218949,0.7303155681317535193395223491,0.000625,0.020029197637224375,2166.9236135,69442.7861112958476564465,0,0,176.35566081,,0.004045034073641147,32.046716219559,,54.09046964987606,188345602,109923,42751,1067987.27713047,34225485.19629968561600886273,26.37371123,845.19083944440634394757,4.607616,147.658962400699561344,1127502.5288069,36132753.5775098708627141571,,0.055094480115004084,
2019-06-12,9315,236369,6582339408.0772607425702,0.0143640008021999,0.5019959454002742693822822195,0.000625,0.0218426238062531875,1165.27956508,40724.421070650829622981908,0,0,146.22569644,,0.004289829909409702,34.9481980900051,,49.103207528689026,188345602,88566,38560,1288047.22138348,45014929.44219051193438225575,35.78582974,1250.650266568715704331674,5.01,175.090472430925551,1379901.59490278,48225074.28337632722982420418,,0.05322470716303636,
2019-06-13,11508,230845,6598000694.510330455819,0.0137713272911352,0.4824281855609196405953055444,0.000625,0.0218945937164434375,1284.53432441,44998.971436452963355264895,0,0,59.50763802,,0.004255107176315349,35.0313499463095,,48.55695288337188,188345602,98700,46279,3165066.00277325,110876534.7463167151656028209,68.6997211,2406.64397106796262428045,5.85166274,204.99164521272030165803,3179354.39272744,111377076.3349712782212673827,,0.053246205743392214,
2019-06-14,11431,235056,6142543652.0964212215788,0.0457154146116173,1.490923742544016651316408561,0.000625,0.020383219686543375,4256.88226239,138830.346134472238094185866,0,0,43.27233822,,0.003749497981669338,32.6131514984694,,20.832182727788712,188345602,100362,45813,4352563.54881853,141950814.424334331129473358,94.89074928,3094.686382071916139152032,5.001,163.0983706438454694,4347229.89661902,141776867.217111566961764928,,0.05021635799509814,
2019-06-15,11145,228529,6196024640.9444707957076,0.0273736829182315,0.9005148624323233377723873947,0.000625,0.020560689283258625,2276.14910833,74878.711325982889744850954,0,0,47.42844152,,0.0037169411442383553,32.8971028532138,,25.046153666041803,188345602,86920,41416,3971153.08809557,130639431.5849375687138960429,95.70054323,3148.270613745743611332574,5.001,164.5184113689222138,3963533.69825203,130388775.733575900730727874,,0.049853708837145336,
2019-06-16,11769,228794,6090611933.531803701142,0.0255609972195186,0.8265768515166775096860194406,0.000625,0.020210891138606875,2259.84776418,73077.65944266579351796278,0,0,47.7236748,,0.0035852724483665405,32.337425821771,,26.544453433698408,188345602,92488,44557,3946586.31775323,127622442.2995614285591395703,88.43908808,2859.89245053207185058968,5.00075,161.71138217822132825,3940580.44777693,127428227.924707625755345543,,0.049599617381769615,
2019-06-17,14593,235086,6376395511.0764345574638,0.0381604616224174,1.291913342313067996804168527,0.000625,0.0211592261890074375,4332.853294,146687.7166264511074597986,0,0,34.77982825,,0.003624484797953181,33.8547619024119,,17.334950444827257,188345602,125098,59332,5415368.94977941,183336026.408496311442451959,91.18751465,3087.131596948447001584335,5.0006,169.29412236920094714,5410337.6189325,183165691.9006219129748532968,,0.04537205335917453,0.05188679291294652
2019-06-18,11975,230929,6463372574.8027295840424,0.104495618262628,3.585929833741087665783057634,0.000625,0.02144784808541325,9284.01770016,318595.522008511008813105792,0,0,45.64214833,,0.0037930864845119863,34.3165569366612,,16.78284130653787,188345602,96923,43222,4126571.79603234,141609735.9917640637788468232,95.22132918,3267.668164390028535333816,5.00075,171.6085221010084959,4115656.2899731,141235153.4065896839973518137,,0.04533383885202394,0.050383743291321836
2019-06-19,10491,232874,6637400181.4718014300744,0.0813415088314713,2.866518462582406067052220824,0.000625,0.02202533570929825,6229.70213688,219538.049493943485616391136,0,0,42.94480222,,0.003795403965517248,35.2405371348772,,20.034586423185587,188345602,82541,41455,4385760.14462798,154556543.2414267286042769841,105.60124482,3721.444589568468557836104,5.001,176.2379262115208772,4377699.60419985,154272485.4671420343750340084,,0.04548416410486606,0.05039621915306139
2019-06-20,11673,234809,6916627819.1326054164046,0.112185119369372,4.119781451137417406900976276,0.000625,0.0229519157392264375,9209.27644903,338192.859323806422110555569,0,0,31.84436209,,0.0038466683883002545,36.7230651827623,,12.937479138186427,188345602,95773,47862,5914566.65023196,217201016.6242603366570885431,123.35763848,4530.070598692666931173304,5.001,183.6520489789942623,5904143.29299547,216818238.9970414972729759868,,0.042294680129738756,0.05037834539617667
2019-06-21,18288,235882,7294824724.5865347807996,0.0239045297276887,0.9258477640861364750070788143,0.000625,0.024206912210599875,2146.9136239,83152.23938798102020661922,0,0,27.56426994,,0.0038410385388661645,38.7310595369598,,23.56558337523506,188345602,103787,56579,6832961.74444972,264647848.1380507995608527613,120.738516,4676.3306516001734036568,5.0004,193.67079010861378392,6831264.49678533,264582111.9377123445054214397,,0.0424931875334516,0.05065776729262236
2019-06-22,8524,237093,7128637079.2629835084484,0.0313828436998982,1.187799985113584055902960744,0.000625,0.023655440462790125,2133.34294903,80744.267387987637199139726,0,0,93.31821045,,0.0035421299941554778,37.8487047404642,,19.448986839214637,188345602,79078,37088,2018315.62243145,76390632.06647417405200567909,54.31469707,2055.740932470185994179894,4.999875,189.238792614228441975,2014423.48482385,76243319.69935486494170423117,,0.04283802280804296,0.05031921383556405
2019-06-23,8660,237208,6988479300.0258053519126,0.0304797470052261,1.130937376578860239419908915,0.000625,0.0231903453870726875,2128.12641565,78963.178570042416472620095,0,0,125.28059042,,0.0034373802542372847,37.1045526193163,,8.843353001268369,188345602,77769,39298,1503390.12107957,55782617.85495720844619129799,38.11908507,1414.391597780009364937641,5,185.5227630965815,1498003.80503055,55582761.00769207798104161296,,0.0411383808503605,0.05044963953251172
2019-06-24,8874,236297,7036538431.6331304785782,0.0652736870116432,2.438606489106231861766883713,0.000625,0.0233498232667556875,5198.20061255,194203.304973093850901914205,0,0,134.77016771,,0.003395039509359328,37.3597172268091,,5.974943151671335,188345602,90324,41603,1397531.85145577,52211394.78584654666710688351,33.34787865,1245.867316477944393515715,4.9,183.06261441136459,1387371.79535599,51831817.96295024892490627151,,0.040737339132766066,0.049862626383272685
2019-06-25,7742,237178,6763114789.1478425206924,0.10492018344726,3.767474455561052983443127812,0.000625,0.022442503028116375,8356.78769138,300075.572910594081065958956,0,0,137.36697923,,0.0030621863334397027,35.9080048449862,,6.213407755503523,188345602,92771,38723,1371112.64331043,49233919.43901275592455566607,35.07621739,1259.516983983909202750018,4.246011,152.4657835598647000482,1358256.3659425,48772276.1689966390535624935,,0.04065596363774773,0.05022788757552141
2019-06-26,9604,237072,6674767601.0865592751896,0.0132476137266398,0.469481325580859124490146241,0.000625,0.02214933455509675,1102.32069058,39065.071620258730429941784,0,0,2.06404831,,0.0027550078595518545,35.4389352881548,,5.024877461892877,188345602,106665,39003,91250578.55377954,3233823348.374079335438532593,2339.42581999,82906.760246064089924054452,2.33841702,82.871009448499788714696,91244625.25725182,3233612369.883682269690046742,,0.040745052997847905,0.05016131574086116
2019-06-27,8856,236295,6334659974.2779727089858,0.0470465563846663,1.582324909596548034518879163,0.00034779,0.011697280791585120891,4138.2150996,139181.29904827219842384084,0,0,123.72242663,,0.003027343269081637,33.6331717173729,,1.536094526340262,188345602,113045,40532,1522323.85936439,51200579.77145636191211461103,37.35768097,1256.457299026843804723713,2.29502,77.188801754805152958,1514181.52496504,50926727.24042275103243314342,,0.04177496587762177,0.05073295489040872
2019-06-28,7593,236222,6469001667.7632746726596,0.107693702291928,3.698895712648941109908941534,0.000625,0.021466527486806125,9136.73370245,313814.31226123331199454001,0,0,118.06360654,,0.002779241464056104,34.3464439788898,,2.12636531858967,188345602,106116,39239,1595289.24721353,54792512.75954478912079293899,40.28142717,1383.523781684134496155866,3.15362,108.315632660706451076,1580602.92076066,54288089.67077560231519831527,,0.04185853191105005,0.050292197158410365
2019-06-29,8497,237711,6679326122.340485752648,0.0134768663789869,0.4779319755629835946909324756,0.000625,0.0221644614057025,1100.14355625,39014.543029176675807225,0,0,170.80379227,,0.002969030014611345,35.463138249124,,11.759251280017919,188345602,97472,39605,1102701.52378485,39105256.5855018322706769714,27.67448778,981.42418611583273370472,3.8184775,135.41519548366938871,1096048.08854647,38869304.89181156903391079228,,0.04070840817073072,0.050362976629478196
2019-06-30,8441,237209,6032904015.3622819798746,0.0161123690135422,0.5160958083788839874191977361,0.000625,0.0200193950353108125,1104.16453613,35367.529652427501207097449,0,0,168.75689586,,0.002954179135008772,32.0310320564973,,-2.5075825870993067,188345602,80887,35767,1116076.47820837,35749081.4509949097501217424,31.06642142,995.089540384674370892166,4.99925,160.131137008444127025,1111152.69487764,35591367.58928905007279049037,,0.044566719184902244,0.0522855419124576
2019-07-01,8181,237946,6242880488.41541716316,0.0815933725589048,2.704484034259513497589498384,0.00032738,0.0108512977876565404,6141.45155914,203563.8087748050970932812,0,0,141.64845249,,0.003135977722598601,33.14587875758,,0.4738840405025766,188345602,93605,32453,1329669.32353986,44073058.1857256138244071388,40.70703626,1349.2704884543728098508,2.04861,67.9029786815659638,1321065.44760928,43787875.1572853483476783424,,0.04501882729484749,0.05179770215438885
2019-07-02,4213,237697,5993641560.1958779730118,0.0294333133781411,0.9366437466243349301442535105,0.000122,0.0038823538356042798,2120.022696,67464.5757818338200879864,0,0,91.43188024,,0.002955817030976036,31.8225724229859,,-4.258603536555423,188345602,91109,28572,2059955.47176939,65553082.1885074998573800216,71.89852186,2287.995918995484897621774,2.0098621,63.95898223746452924439,2054284.56656276,65372619.39686562886237894508,,0.04560527740593122,0.05214632269276482
2019-07-03,16415,238113,6138809267.8798769991316,0.0402337418907671,1.311351393278234971992599021,0.00005,0.00162966621006629,4102.99676428,133730.303735168772686082424,0,0,173.14368556,,0.0027270127440093455,32.5933242013258,,5.630301792145763,188345602,121021,45153,1087799.4273169,35454999.40055626231971674602,23.86800794,777.937720828238352926852,0.3437538,11.20407904883770878804,1077712.1626541,35126221.91309704454446680578,,0.043676476640307126,0.05199939441022929
2019-07-04,7241,237969,6222292468.2527712045808,0.0351660349378279,1.161765138173814918501906174,0.00005,0.00165182844785852,5185.93517228,171325.504926443578265316512,0,0,97.6036321,,0.0029557607837570987,33.0365689571704,,13.630652224518784,188345602,168387,49240,1929698.700187,63750624.1752899149534708648,38.88529418,1284.636702597426824388272,1.7425,57.566221407869422,1914711.88527246,63255511.23091736442827464718,,0.04214886879325443,0.05200775146041392
2019-07-05,7359,237921,6152357293.500718067753,0.0267246292436292,0.8729668540024878686789879538,0.0000504,0.0016463288991076956,3226.94553191,105409.001687100942506277115,0,0,177.04172291,,0.002970000964348323,32.6652559346765,,5.441221293167134,188345602,138856,41601,1063848.673079043,34750889.18189292903412913459,25.19725888,823.07491016750013955232,2,65.330511869353,1048231.16669471,34240739.33878724737817811132,,0.04071174728914053,0.05178835179025628
2019-07-06,7040,239350,6128171758.9795512510258,0.0624684078128257,2.032524935660435606769431618,0.00033022,0.010744317131706783438,6197.61567593,201650.863916871223643832897,0,0,137.17995885,,0.002902943489187615,32.5368455323929,,4.237732243219614,188345602,121083,42800,1372981.91064458,44672500.34541237060570881548,31.4405337,1022.97578845289341409073,1.5826995,51.49604915569547663355,1345654.84247317,43783363.74946603293198414849,,0.04070954884365042,0.051307297262719175
2019-07-07,6865,238847,6234013183.319975513245,0.0901914232225871,2.98522776970390512066049527,0.00023503,0.007779210679289946175,9211.97158511,304905.193942063759158410975,0,0,30.70132778,,0.0028891644838259325,33.0987987886225,,4.806500113797881,188345602,124062,41924,6134770.56571917,203053536.5691026330215261433,145.70677795,4822.719325505547593873875,1.7505,57.93944727948368625,6108610.95869878,202187684.9999453078428686306,,0.04076909813506192,0.051180378201521735
2019-07-08,8986,234577,6311264195.9492333476144,0.0377128081876484,1.263716771275638511234996844,0.000457865,0.015342577423593335228,4275.42563862,143265.042926066263030254864,0,0,129.31931337,,0.0027199659255366156,33.5089544376472,,5.121452048954723,188345602,134788,46465,1456438.30832319,48803724.91484573845364079857,31.01516804,1039.285852728331610235488,1.6584984,55.57454732051078096448,1441119.78291999,48290417.14505796845000144753,,0.040792441587938974,0.049393400026889175
2019-07-09,6842,231174,6138261429.6627654351166,0.0926090470899657,3.018167325139661209786571582,0.0002,0.00651808310306366,9345.0863328,304560.24661247411437173024,0,0,196.68726364,,0.0025908368471089824,32.5904155153183,,7.839586775594566,188345602,121260,37965,957589.213041779,31208230.34601823531131238326,24.81218546,808.639433984539130531918,1.1268531,36.72461075372452384173,941994.621139109,30699996.11611840181478471339,,0.039861462031120565,0.04942489460902647
2019-07-10,5503,233751,5873437560.7470471065762,0.12769685311183523,3.982144979717930897315676793,0.00028079,0.008756257195122418399,10164.41411399,316970.776095405103317987319,0,0,203.74996088,,0.002575776145528928,31.1843626736081,,-2.755439644197687,188345602,100358,32191,924395.77013168,28826692.94973557515459771461,28.22665644,880.230291488295693901164,1.175649,36.6618647928646891569,908644.29755606,28335493.31629404918629222009,,0.0392471211825149,0.04835843791845993
2019-07-11,6775,228541,5511897980.668566267125,0.03510372123079287,1.027303680634706287523880699,0.00037427,0.010952939889856436875,3184.15324168,93183.634959287561453885,0,0,263.13999808,,0.0025910263630461415,29.2648085335625,,-8.68078859293117,188345602,109761,35897,715761.96463356,20946636.8506076670112738575,19.69075509,576.246177590121232708125,1.224263,35.8278222897248269375,706839.03528833,20685509.03176100485666957562,,0.04087688061420608,0.048893735486946026
2019-07-12,17233,226802,5993652190.8956953324064,0.02199523777694484,0.7029653180017994854542321804,0.000355795,0.011371168061688987376,2192.1333778,70060.33545328562422072384,0,0,112.85848925,,0.0027054102601086452,31.9598871869728,,-8.550686634361652,187536713,124190,48946,1661697.88598731,53107676.97498561753109811517,33.83147701,1081.250188608263854695328,0.478511295,15.293167005892261657776,1655915.47361073,52922871.72776156545183429814,,0.04098529040415972,0.047807915339846796
2019-07-13,6237,234777,5889555186.8394387447665,0.03241941125506209,1.018125510771492570638779422,0.00040230500000000005,0.01263431283154376657274059253,3200.50911792,100511.38667431295380377336,0,0,153.17512566,,0.00276771504169035,31.4048118505705,,-10.352264760841875,187536713,122061,35986,1224328.76871891,38449814.62485801364963763816,33.81998706,1062.11033040802896361773,1.30026405,40.834547846310793140525,1217046.05442031,38221102.35254902114272028686,,0.0410565562553294,0.04789730349010127
2019-07-14,7421,234936,5407096029.3216735546132,0.0017582786181516705,0.05069504089393470713847734822,0.00019796,0.005707622325472444944,175.36367626,5056.120598598192497021064,0,0,180.8383764,,0.0028038498071303233,28.8322000680564,,-11.593333537822756,187536713,126419,36655,1037040.45971926,29900158.01329488851483784626,28.14510138,811.485193923890277557832,1,28.8322000680564,1031658.69114441,29744989.78502483455000042472,,0.04192117168991524,0.04616111955344543
2019-07-15,6978,233744,5314322025.2598991144539,0.0675461546174913,1.914089307971099246075272191,0.00018712,0.005302513419687761736,7259.92824445,205728.232910251913890489335,0,0,129.58599076,,0.002593494051275996,28.3375022428803,,-13.860188937239688,187536713,132535,39830,1447198.9749421,41010004.19831582982782973063,36.04224665,1021.347245282819979025995,1.071676965,30.3686483993306527622895,1435562.68400948,40680260.77791390287998770524,,0.04191643922813944,0.04609206927834703
2019-07-16,8742,233157,4707660759.0427957223136,0.04676170584609087,1.173840812905492713981127954,0.000333795,0.008379125334593499024,5309.23055836,133275.538215827872337265792,0,0,157.05918406,,0.0026504313734658047,25.1026088904672,,-22.372890690739517,187536713,140488,41967,1194051.2369357,29973801.19597545991626935904,28.24593626,709.046690679845852820672,1.324392,33.2456943936636359424,1185397.20701605,29756562.46757608467780239856,,0.046961176616050156,0.04858660560015875
2019-07-17,8510,232609,5176812257.5510505182291,0.02640146767007997,0.7287929881324504354931222817,0.00026309,0.007262404864902937063,3207.56711017,88542.517714095036271664819,0,0,124.18313679,,0.0028531881908336527,27.6042603858107,,-18.462695246886078,187536713,145253,50206,1510162.47338456,41686918.14018731519582846279,29.91342148,825.737875564422880593836,1.020725,28.1763586823066267575,1501833.23884503,41456995.78114364098986821582,,0.0496978767130102,0.047574115303218915
2019-07-18,9820,232610,5469216209.4615402643195,0.06700992602921982,1.954240147281603608673778125,0.00027329,0.007970077292992462435,10232.95178406,298428.10441078456515191109,0,0,10.10730827,46.23285439191836,0.0027306873904149524,29.1634428372515,,-15.016407703491092,187536713,182165,61672,18554565.46722765,541115009.373534240855850804,300.57232682,8765.72387167474592853523,1.0643748149999999,31.04083407466263750462821627,18536896.53953793,540599722.6108595614280011994,,0.05084396800022005,0.048055689685669
2019-07-19,11017,230968,5454778409.5178658859757,0.04021791804211665,1.16979671608031725947115581,0.00013139,0.003821669494796746271,6238.40235711,181453.017615004222675736379,0,0,73.49738321,45.79182290109142,0.0027616688607159374,29.0864563117189,,-17.46307327724488,187536713,173357,72645,2551610.74862487,74217314.56438963755024098904,34.93754432,1016.209356502422804131648,0.537438,15.6321669072575821782,2538037.90724538,73822528.70657921117811188368,,0.05048861513247793,0.0480566939356465
2019-07-20,10798,234261,5850874096.7825978258793,0.027907603519825547,0.8706768500172344666265292025,0.00019997,0.006238774661330531517,4255.2676619,132758.19406031372301559659,0,0,77.66765084,48.77425051123999,0.0028720944944476846,31.1985530896161,,-15.043711807965817,187536713,174874,70310,2414605.19242437,75332188.28631440632143158436,34.16487492,1065.894663991713607318212,0.803520505,25.0686771338376389281305,2402132.35568934,74943053.82725845892571146237,,0.05168923238428228,0.04706806513320128
2019-07-21,9010,225495,5694174175.3258403627131,0.008639325555445006,0.2623157017263469087810172128,0.00025276,0.007674547780707660212,1203.01744427,36527.199149687172813150049,0,0,92.32277782,47.25029361443056,0.002867216745653501,30.3629837818787,,-21.605594721971684,187536713,164152,64849,2031315.75364301,61676807.28373742144674692289,31.23995013,948.538099143889385709231,0.87895472,26.687687908365733832464,2025879.52580639,61511747.18609953085548666489,,0.05061527562442198,0.04696021550429288
2019-07-22,9633,231145,5747297641.469194971979,0.039552133222583115,1.212124700005952044200600203,0.00017934,0.00549609909725294922,6351.40020929,194646.62070129899486995507,0,0,66.72036128,47.351980992758726,0.0029700123584935844,30.646253469683,,-19.029584552945167,187536713,194600,70901,2810786.83313295,86140085.73743996048273335485,38.88786196,1191.76727452020354895868,1,30.646253469683,2757188.30061637,84497491.52433380356000851071,,0.05063059521150062,0.04695427699966802
2019-07-23,8795,228994,5511616843.9275520116722,0.024910416097296672,0.7321055528530265469976834748,0.00017379,0.005107607337162666726,4237.08740525,124526.02980179771825328185,0,0,29.74761112,44.67107488036868,0.002978674468147278,29.3895352848994,,-20.79264346230261,187536713,207308,72257,6304261.28072749,185279309.3551656491396434645,87.08989764,2559.531619649056983697416,1.1608152,34.11581927964755399088,6292854.73406228,184944076.2494696082613031346,,0.050981147003627096,0.04623733510212839
2019-07-24,10120,226312,5436278339.2632810206657,0.03179258823507113,0.9215974622069536284524029323,0.00023959,0.006945189059083537951,5275.53492138,152926.196488924865642059482,0,0,59.0099001,44.12968821850576,0.002960118196960841,28.9878085858489,,-22.408918649289383,187536713,207410,67086,3178055.08393874,92124852.44850015394683849639,47.13712988,1366.402098247738729355132,1.09087,31.621930752044989543,3162241.49531453,91666451.16840619681461255452,,0.05091614147818545,0.046015352383922965
2019-07-25,8978,233173,5427921095.5298837930786,0.013320008837877076,0.3855242837905422424897305297,0.00014916499999999999,0.004317319191867861423567546551,2332.99954795,67524.57830579278445052199,0,0,74.71545508,43.87300274475976,0.0029243911396843983,28.9432453448722,,-19.396119417329547,187536713,228820,66045,2510012.3232918,72647902.49168724585175430796,36.94821242,1069.401177126514203352724,0.763104,22.0867062956533553088,2440244.6894124,70628600.74718455381397109528,,0.050585786754008766,0.045735377342258306
2019-07-26,9356,233420,5421204514.2139494798279,0.01329011062796567,0.38418295051769557834120128,0.00020065,0.005800275947979470895,2332.2815141,67420.26598630138656719403,0,0,96.58804601,43.62135243839676,0.002938733521332551,28.9074305904783,,-18.430307357059935,187536713,240915,60940,1941614.11007089,56127075.12036754668337200669,30.46587674,880.690217239617305444742,1.0336089,29.87897753445062613687,1856590.52827624,53669261.83108484739585612559,,0.05058412435632138,0.04573562515860185
2019-07-27,7074,233322,5181029334.5373932002452,0.0015295563491675842,0.04225666637265404882909222914,0.00019428,0.005367324418840191312,330.04919858,9118.185726565109098309032,0,0,103.51636284,41.52279882797623,0.0029244951987142,27.6267470601204,,-17.858632863191843,187536713,294081,77125,1811662.5029055,50050341.7260748877481798222,21.98672211,607.421610414126697942044,0.53897694,14.890179592617689223576,1695725.94253563,46847391.69771611045122908985,,0.05038313705622534,0.04602385397489318
2019-07-28,7052,225278,5187766401.6779588593697,0.007148550239215923,0.1977479937579544805711132744,0.00023061,0.006379288571038109709,1371.42791774,37937.359358403256009711406,0,0,101.64344756,41.40587368917049,0.0029027580416335127,27.6626710508569,,-19.45986877750989,187536713,265829,66732,1845044.78638871,51038866.9999694210413019856,25.70155248,710.973591750575364320112,0.682051185,18.8673575705021439104265,1715116.00023274,47444689.72849969296077643491,,0.050139645888825246,0.045965582803629855
2019-07-29,6382,230128,5059171722.2445985786564,0.017831247893746422,0.4810329864125082362489684088,0.00029878,0.008060178207198508184,3427.96825133,92476.186472784137216986324,0,0,97.88436542,40.23029885516913,0.0028384381260643564,26.9769670232228,,-23.929555151850728,187536713,270177,64944,1915900.58524192,51685186.90784453896759605978,27.37008991,738.362012924713093961948,0.6918181800000001,18.66315622792601792820070232,1777523.11925228,47952182.57108488612853184798,,0.049681555093151024,0.045492393659213495
2019-07-30,7062,232899,5026373060.6441179733178,0.015176017868342204,0.4067487702063383553012126206,0.00013536,0.003627928881790670016,2408.54026783,64553.877073110909946304598,0,0,100.22659529,39.80034409271228,0.002795053690232742,26.8020750723306,,-16.324659707947315,187536713,224553,51838,1871127.24382425,50150092.85886059154090429705,33.63372886,901.453725868132288681116,1.08054665,28.96089243245533752249,1743505.2364155,46729558.2354097420155749643,,0.04649642713396581,0.045227200571878214
2019-07-31,7537,228323,5194448494.3214973892055,0.007297396468138722,0.2021254904707122460256019513,0.000151755,0.0042033558050884619925,1306.65721679,36192.186072649859753298065,0,0,122.21137705,41.03157382735049,0.002753582944133437,27.6983019016735,,-16.43515592314992,187536713,252127,62792,1534527.45178815,42503804.63603390523305246902,22.53239768,624.10915350920755951748,0.9354278199999999,25.90976216558429368693980983,1414854.31522696,39189061.97004186379575631756,,0.04645768652638984,0.045460224027600964
2019-08-01,23964,228639,5400246256.4694053883746,0.0015093498149769786,0.04346274688109852041042502911,0.00039144,0.011271779060307962448,263.8992497,7599.15705293133645249074,0,0,83.97452059,42.434471427443405,0.00276873317855487,28.7956750978642,,-9.511793342436789,187536713,241550,80956,2233257.32234428,64308152.26415206623436508678,25.76211887,741.837604813076403517454,0.869159875,25.028045368600260838975,2085598.09508012,60056205.1306516235775398797,,0.04667659819100501,0.04576115460602991
2019-08-02,11267,232427,5230733519.6344534358689,0.018329758415195328,0.5112496652810796534914568495,0.0002966,0.00827270317958264998,3299.96139676,92041.810989468829203853628,0,0,113.23205736,40.94954316836914,0.0026488692785047434,27.8917841523353,,-14.42485589978347,187536713,253220,66135,1656215.71633539,46194811.26973208744842653627,22.95769231,640.330998546247985351543,1.05644864,29.466237434908180508992,1518306.98118822,42348290.59628564505588185017,,0.04666499174792576,0.04495030850614584
2019-08-03,9264,232658,5205201132.6749869000657,0.015421661343164285,0.4280380508277800311443878195,0.00041619,0.011551619012369075691,2261.43241936,62767.499773340956306362704,0,0,165.57083284,40.64727933754397,0.0025674889408088546,27.7556380796489,,-15.985106941243988,187536713,197247,51162,1132667.57061919,31437911.15466139955871080239,19.58624268,543.628663166252524595052,1.0917,30.30083009155270413,1002071.34774343,27813129.65795264052762168173,,0.04653146172891394,0.0443080652610025
2019-08-04,7993,233996,5151442469.5779727538038,0.00874648485188381,0.2402570291690814876523584874,0.00039618,0.010882661026470061068,1129.04874359,31013.818867312540212973834,0,0,201.54354145,40.16523999028731,0.0025002465765244977,27.4689813379526,,-15.907650033770857,187536713,174085,48068,930502.22125597,25559948.15060368104580032702,18.81300757,516.774153851090992101182,1.108343,30.4450531830503985418,904303.64776666,24840300.02434484492568694032,,0.046528011694730025,0.04351111798330911
2019-08-05,8301,232264,5217832906.6913019852882,0.02509225455798371,0.6981416568590610439101184635,0.00016454,0.004577995490765516556,4136.18214909,115080.972575172259133706426,0,0,104.05092935,40.56495720383934,0.0023598759849711853,27.8229943525314,,-14.48773260815498,187536713,236449,55766,1802355.00228364,50146913.0497944342702148063,31.73984729,883.097591899879060929906,1.0208,28.40171263506405312,1770004.32370094,49246820.30228741365470555952,,0.0466510669789658,0.04353599479160078
2019-08-06,10773,233289,5162280013.6127727955539,0.006791736954534846,0.1869545827973988050975919931,0.00015938,0.004387216643653148214,1160.2799661,31938.76006130775875202783,0,0,186.68737505,40.04457420660356,0.002409662317358266,27.5267702575803,,-16.83453398604167,187536713,234388,61601,1004549.52001331,27652003.84976894803858439379,15.78417472,434.487351222946859630016,0.83524959,22.991723571668139967077,972320.9469567,26764855.32351000207239087301,,0.04646783034843235,0.04351339460134692
2019-08-07,16967,233171,5556347445.9428815092122,0.015196930585315504,0.4502554464836389662804989246,0.00013538,0.004011045651801241172,3136.2969434,92922.36827878633027086596,0,0,58.80106105,42.75545026410132,0.0024757562093216446,29.6280517934794,,-11.58168826601052,187536713,272086,85118,3189342.32904239,94493999.71200414972504819177,37.08052315,1098.62366041751191074811,0.356955115,10.575884635167395477131,3156219.96958607,93512648.73051005858474307196,,0.048603226745034776,0.044581223324671966
2019-08-08,8452,230314,5883694861.8667272196871,0.02177006578862292,0.68300452841477122009807497,0.00012595,0.003951500247592130365,4347.87399918,136408.298406186232755605106,0,0,22.85796939,44.30425047610349,0.0026279901447160657,31.3735629026767,,-3.7337744652861153,187536713,269909,78289,8204434.51397837,257402342.305192130298038903,104.52201085,3279.227882116731531442195,0.61908,19.422745321789091436,8182923.70780032,256727471.6744777920487971165,,0.04964253534552354,0.044676049405595435
2019-08-09,5940,231865,5580004925.3329573723167,0.0006805505345745934,0.02024923693135331997417048208,0.00013935,0.004146247814128786665,130.37510756,3879.207066648406524159804,0,0,127.51491089,41.865387616254665,0.0025091368235721253,29.7542003166759,,-4.586152270934731,187536713,262438,69657,1470704.184305152,43759626.90638892483699988424,20.6832218,615.41272463143787841462,0.5301681,15.77472784891146021879,1440731.181259672,42867804.1696813761058697643,,0.049932858264970514,0.04452788097286901
2019-08-10,4824,233199,5544008112.0610337679346,0.0005661359587332473,0.01673625551785464900425579549,0.00014478,0.004280023263840592476,108.07705293,3195.001387123436027843706,0,0,187.77182767,41.4933920391058,0.0026152653528068465,29.5622548959842,,1.0163960651940396,187536713,251711,70507,998747.87033998,29525239.11981186672319070832,13.91372589,411.321111313034620570938,0.479488,14.1747464755656720896,981015.071352,29001017.5961099513012646384,,0.04855894669071509,0.044532902044950064
2019-08-11,4761,233940,5659570443.7065145092923,0.0005444716772423587,0.01643132036742142423064834618,0.00013892,0.004192392590562835532,85.20709513,2571.419480898320381641723,0,0,207.95711623,42.26500244578224,0.0026173422081283313,30.1784666755171,,-5.57392615635335,187536713,207966,55299,901804.73936721,27215084.27481673080345353429,15.95742595,481.570647259106801208745,0.523653,15.8030446100345559663,882429.69768006,26630375.22492431991867085903,,0.04584067495862577,0.04311411444771079
2019-08-12,9627,232720,5655165703.392997787632,0.012472235448316615,0.3761000020937900898959937534,0.00015523,0.00468095744078491472,2132.8021506,64314.6047579278378332384,0,0,147.81371309,42.099365736481616,0.002648729370809544,30.154979326064,,-3.9797484871217077,187536713,233452,60394,1268736.90592939,38258735.16851516142777062096,20.30532875,612.30676866518296354,0.5251871,15.8370061428155065744,1226320.02424783,36979654.97833161683191444112,,0.045745912369310214,0.04311005732648318
2019-08-13,5837,233119,5505060872.6008817693954,0.0006920894270227488,0.02031599234142329130112369764,0.00012289,0.003607383961314936562,110.03806636,3230.120886330642544296088,0,0,170.47296073,40.8814792524778,0.0027012449649327945,29.3545769494258,,1.8117829376057528,187536713,217215,54651,1100096.5326101,32292868.31829968936817028058,19.47619086,571.715343281573448208188,0.5912596,17.35617542528671873768,1064393.30688023,31244815.23126950133188787193,,0.043212011034697524,0.04227581004528506
2019-08-14,5570,233450,5043686471.4883306668463,0.020844194622563816,0.560592007533452554184651753,0.0000898,0.00241511668779036398,3123.37749902,84001.348776749813117014402,0,0,210.54844245,50.443165453435874,0.0026828987211578673,26.8943951869751,,-5.092569710401267,187536713,219497,47692,890705.77213015,23954993.03098804632386200926,18.11802983,487.273454257423289267233,0.5518046,14.84045097839072026546,864085.07846773,23239045.57547951932836166352,,0.04602578678851259,0.043674849899131826
2019-08-15,5699,232734,5264920175.6247271697704,0.03530506568392803,0.9911571427673945216171282664,0.00009279,0.002604993631813406232,6113.4604789,171629.76199889467333250312,0,0,211.29696436,52.66301903664415,0.0027229722085435767,28.0740772908008,,11.837289157072545,187536713,239776,61275,887550.43672442,24917159.56008537190015071554,14.03459673,394.008353343240166761384,0.5589812,15.69288141290458014496,859969.91434952,24142861.84321176846181189562,,0.04079243084620366,0.04404039737010775
2019-08-16,6178,231679,5171579979.8891034398137,0.005567062418690644,0.1535193194480994462728580731,0.00008284,0.002284425692872271516,1146.75362056,31623.291093693432479531144,0,0,215.84047251,51.70719668369044,0.002658392424936417,27.5763603678449,,-0.10107142004841876,187536713,275235,77620,868867.22782728,23960195.78637546963420302887,10.91096614,300.884734237993648671686,0.4266251,11.76476749956786724699,846909.19160968,23354673.06666874206154357863,,0.03712472059792517,0.04362456802022362
2019-08-17,4655,232314,5141837780.9305133672773,0.015774086252382483,0.4324902114081356657564683356,0.00006253,0.001714432930482177113,3121.70744343,85590.245327806173558351003,0,0,254.79697916,51.67386406411774,0.0026861319193418522,27.4177663598621,,-5.985838116340598,187536713,245944,79801,736024.08325547,20180136.34993016693090827069,9.00968578,247.025459691811925130938,0.2749115,7.53745927663922970415,718981.93519088,19712878.71602506223393397765,,0.035649809095205924,0.043568472273705625
2019-08-18,4619,231999,5236888543.3706038046122,0.0005344337869949574,0.0149238521435749916423388817,0.00005224,0.001458781340087155856,104.59082985,2920.65755990449277001009,0,0,247.23840938,52.6660889958804,0.0027029103360607857,27.9246045192794,,-3.9944769482674793,187536713,248858,77211,758525.80296485,21181533.06546228601750552909,9.631287,268.9498804866769345878,0.2637364,7.36473466733847955016,743641.30074215,20765889.22742705332320320671,,0.03584280281295824,0.04348411329924694
2019-08-19,5878,231002,5408390510.8510837107457,0.001060548777184084,0.03058527501661565443644885035,0.00009095,0.002622916383107909455,240.95350053,6948.882727953131873694717,0,0,167.68159283,54.33610503076651,0.002649525359680525,28.8391026180089,,-7.5626919775087345,187536713,276591,93832,1118409.6586624,32253930.91513726006412529536,11.73267594,338.359845417504031735866,0.333293435,9.6118835738736791415715,1100900.44910401,31748981.02392262855929520569,,0.03385071096729421,0.04334146626067718
2019-08-20,5550,227084,5260943516.5768799566521,0.03020342608346286,0.8472928638362290122552628997,0.000055,0.0015429079926964935,6169.26120154,173065.498488880709715541818,0,0,258.08489011,52.84662039588461,0.0026043868430801315,28.0528725944817,,-7.608314136688133,187536713,253431,81847,726647.39467329,20384546.78388186467482838379,8.60346735,241.351973440333096122495,0.2400678,6.73459140743751385926,704167.99208263,19753934.96700601783222842287,,0.033863162549852936,0.04278440237995981
2019-08-21,4265,231606,5035392264.5831337231426,0.000550381604044724,0.01477783857486965985977866734,0.00008241,0.002212722351192622482,112.1319961,3010.76294204967812765922,0,0,206.25281322,50.541369181790884,0.002659267065141703,26.8501680766002,,-12.386784560266396,187536713,250304,79091,909256.50939946,24413690.10211831058058051589,11.30322645,303.49352999037300671529,0.25660998,6.890021093133015789996,893983.48351812,24003606.79016606667834469562,,0.034598387056539205,0.04301325731409597
2019-08-22,6184,228647,5066938303.7622808990986,0.009021096726259642,0.2437354255229454495996000684,0.00020998,0.005673319575692913756,2123.1692411,57364.59480922801079138142,0,0,299.30728352,50.866315864530016,0.002669875777236043,27.0183806824122,,-8.068023463118584,187536713,286865,79594,626569.15927187,16928884.06906634540146720481,7.69147926,207.811314657558083070972,0.377915965,10.210677408331165090773,612195.59990453,16540533.77031830142257010727,,0.03391021787273482,0.042999870435843815
2019-08-23,5873,232054,5073428958.8669831012323,0.018539802037444916,0.5015570927087440859163103461,0.00010404,0.002814593155850614284,4111.25672121,111221.789979455046230317491,0,0,219.72923335,50.94702693555715,0.002597716171829351,27.0529907328971,,-6.674591655391042,187536713,267179,85514,853490.04380578,23089458.24569770626632912524,9.80893121,265.360925123755137908491,0.223704645,6.0518796880910355770295,838800.94314219,22692074.14157101335427593865,,0.033853749760658795,0.04297921522066977
2019-08-24,4660,233376,4935322796.337204947403,0.0005031612222634213,0.01324147688601940203745877199,0.00010235,0.00269350080911950785,86.05415436,2264.65006738402563958116,0,0,129.96828458,49.464850076777516,0.002593509676663628,26.316568726131,,-9.07526639615955,187536713,217414,65159,1442942.12708111,37973285.65515968251001348541,21.99799753,578.91181383550498445643,0.363312,9.561125217028105872,1433367.52074858,37721314.86958400768212714398,,0.03416637418884273,0.04284452983021258
2019-08-25,4382,232889,4881860089.5866070406956,0.0007323661818340256,0.0190645830187844742563845184,0.00014688,0.003823505267251222656,111.85648405,2911.79095820654530476486,0,0,162.92537511,49.04183138912125,0.002577284216832266,26.0314901092812,,-9.94879317342162,187536713,210841,55084,1151058.96101297,29963779.95880862295555057716,20.72643981,539.540112914627114164572,0.75546299,19.665827352113002102788,1141695.2105022,29720027.58000173691593301864,,0.03419298953209897,0.04283840335652932
2019-08-26,5025,231650,4891791210.8540251049546,0.02065825389513917,0.5388591024085653084026843529,0.0001013,0.00264235435148910146,3104.79095266,80986.751078234391032584372,0,0,80.80115738,48.92344933624947,0.0025171613584999207,26.0844457205242,,-5.582638217376427,187536713,202006,56340,2320965.677804808,60541103.24189917323932704035,40.98711384,1069.126146200426209874928,0.56455435,14.72608729886082139027,2309213.993537548,60234567.07150509156330694266,,0.03327650449880701,0.042396660315468744
2019-08-27,7344,230682,4799561865.6061089272987,0.0007557379122211239,0.01934133752194581342147858808,0.00012152,0.003110019092146796648,114.38622318,2927.446823307805025511882,0,0,120.25123252,47.876036494416105,0.0025169251076348157,25.5926521736899,,-7.483076646363399,187536713,209852,55096,1559540.88007892,39912787.29451003160265960691,28.18533554,721.337488873960191409046,0.6786155,17.36757045117465833345,1552899.24680941,39742810.28437825534372174196,,0.03341556295283833,0.04230784406886578
2019-08-28,6133,229521,4399830465.9325094909194,0.0259406499901429,0.608597966269796908725146496,0.0001168,0.00274026450714701984,4102.90290569,96258.897335040098232534922,0,0,100.64546785,43.73370551104852,0.0024125091290770795,23.4611687255738,,-13.032592932417012,187536713,214043,55740,1863339.87017862,43716131.08734938412516799216,33.20999002,779.145179233842016773476,0.680955,15.976000149523106979,1851124.843671,43429552.2894667548247734198,,0.0366083031445364,0.04332436212121354
2019-08-29,4866,229728,4082420679.2427971240965,0.012075309315713866,0.2628631571393888970415409596,0.00005908,0.00128609171970324794,2109.41163374,45919.03919429103563134207,0,0,171.02887122,40.52661850593793,0.0022957110605997754,21.7686479299805,,-18.77999046255344,187536713,260945,51969,1096520.7901121,23869775.02785434797754581405,20.87376084,454.39355070057402286362,0.65846225,14.333832895432802486125,1084788.4768428,23614378.4308907177801055654,,0.03879062255359088,0.04245577107497495
2019-08-30,3661,230395,4158842470.5183204596839,0.01883337397747874,0.4176517456648242016030929402,0.00006942,0.001539468404265898626,3129.7112542,69404.94944275854536255426,0,0,245.73981393,41.4476441666644,0.002315399319111633,22.1761510265903,,-19.93678491441945,187536713,246758,46240,763151.52193031,16923763.40649879395039352199,16.12328637,357.552433586084891564211,0.680862,15.0988985402663248386,745540.76186795,16533224.53166285378074735088,,0.03836889072048308,0.0422492009258652
2019-08-31,3080,231671,3969802888.0876975489517,0.0005768266222775772,0.01221034513409327691024842262,0.00007157,0.001515003585993514313,93.47475414,1978.686428978092748948526,0,0,475.9189671,39.71917672217103,0.0022038608414879602,21.1681372920709,,-26.488484051408967,187536713,245384,46559,394051.77344499,8341342.040467566400304329791,8.10930141,171.658805589664131189969,0.609974,12.9120133765936551566,377560.96429866,7992262.328400714443997494994,,0.037983194173466704,0.04233460987600289
2019-09-01,2716,232572,4033122350.888524943595,0.0005482436089004126,0.01179040368905282616826161577,0.00006474,0.0013922838724198131,87.3993514,1879.590784896076821891,0,0,637.56283943,40.528895855141684,0.0022027977809733175,21.505774983315,,-22.89566394943444,187536713,245055,45120,294146.24159693,6325842.88397138722970522295,6.16552069,132.59430061411303728735,0.5269156,11.331728328798413214,278188.29357571,5982654.84463159304693927865,,0.038045004750204385,0.04224772682019391
2019-09-02,3188,232045,4268664025.9512357643444,0.011500580468678395,0.2617733527418968225371820719,0.00006708,0.001526858279001663504,2321.4496705,52840.2601176000120797954,0,0,282.40790928,43.03886172661563,0.002193409377556988,22.7617513267988,,-17.992332723605212,187536713,303479,61975,664063.24623846,15115242.47614658513829324185,10.38722523,236.431437660710470493724,0.65872,14.993620833988905536,643748.28352075,14652838.3465528813898908751,,0.03987696819819948,0.04296527604507991
2019-09-03,3396,230451,4200644701.9625372914994,0.00045290656744000844,0.01014467803432659102651155301,0.00005,0.00111995263081169,102.40851559,2293.853729050809394384942,0,0,278.94012496,42.5241101744285,0.002109380685901252,22.3990526162338,,-18.456922953724234,187536713,339033,66720,672318.88215593,15059306.01629816774106093643,9.80547016,219.633242040750457483408,0.37779415,8.46223104395532467227,654220.96929656,14653929.91391712481042249573,,0.0399089653117767,0.04297923317329489
2019-09-04,3443,230590,4066189284.4056415392006,0.01022558064955684,0.2217120360004054375785538468,0.00005,0.00108410487188331,2094.32162399,45409.285517162493779532138,0,0,541.4220599,41.21918423352466,0.0020498821257476044,21.6820974376662,,-22.07130130228591,187536713,313366,54010,346378.04199565,7510202.45681771828172655203,6.06956378,131.600873282089575250236,0.53648,11.632011633359162976,327817.1398791,7107763.16859569637845415642,,0.03999920633189179,0.04311105715388841
2019-09-05,4475,230088,4275285592.0725711456969,0.0007372122438403068,0.01680627133733518486088054169,0.00005,0.001139852971634565,144.40071105,3291.911591929733335148865,0,0,204.29255477,43.27981764875613,0.002154693899963087,22.7970594326913,,-17.182222180920544,187536713,303629,52845,917981.14332003,20927270.68235663407040009674,17.02896291,388.210279536365789179683,0.6750765,15.38975909211322838445,899895.54486431,20514972.2194857952358366175,,0.04139226278086237,0.04362884174931966
2019-09-06,3680,230173,4160315926.3997444571549,0.010661490852879768,0.2365145975145724861191926867,0.00005,0.001109200395977865,2096.41159236,46506.811367565970079262228,0,0,168.2162447,42.02989705478604,0.0021473555899800536,22.1840079195573,,-25.124986029491147,187536713,301847,54072,1114854.9495415,24731951.02978629008251797795,20.27889507,449.867168832751487552511,0.58123025,12.894016469086269368325,1096520.41427288,24325217.55418582137381099602,,0.038690585242616676,0.04364310498513423
2019-09-07,3457,231598,4213940867.4109620874273,0.0006234289354062518,0.01400841801484978231419382517,0.00006188,0.001390440606023580748,109.13871629,2452.341674513627089623109,0,0,306.2248695,42.524950233176845,0.0021411155084745787,22.4699516164121,,-28.37934382487674,187536713,259772,50550,612415.03117709,13760936.11971272006202551879,11.73623899,263.712722263949211927779,0.6797525,15.27400578613516600525,593266.88072009,13330678.10540015082071018909,,0.03684825722720178,0.04362799779736827
2019-09-08,2729,231832,4206888982.7163721648672,0.006187651166012322,0.1388035499971109729286740002,0.00005,0.00112161744637072,1093.62403003,24532.555837038084075854432,0,0,363.82191211,42.44129205425743,0.002155450784662012,22.4323489274144,,-24.607790870984793,187536713,269701,47314,515462.94150007,11563044.56288096687788251901,10.49496217,235.426653377454203913248,0.61801322,13.863488192794919618368,496558.64020483,11138976.67999717121121829155,,0.036019412738816245,0.04334615444528283
2019-09-09,2581,231508,4156500829.7477273035154,0.011561097656664784,0.2562362922651933248270278932,0.00005,0.00110818323603329,2107.06785341,46700.345446672234472000378,0,0,351.64961315,42.03853131255486,0.002145051148654187,22.1636647206658,,-25.02715101182434,187536713,294818,46130,533305.61441689,11820006.83158462314319956536,11.08320716,245.644487523922594527128,0.6287338,13.93504514175014696404,511268.34618496,11331580.20713274701150114637,,0.03601809044487937,0.042682226451057695
2019-09-10,2538,228279,4075701440.3435777850494,0.0004798891366344644,0.01042934374874279979164865792,0.00005,0.00108664095022919,83.36970004,1811.858601435762791043352,0,0,139.07234629,41.29422847238823,0.002154761312335273,21.7328190045838,,-27.985675222475788,187536713,279605,46093,1348483.13131774,29306339.82366285188639425661,28.82594582,626.469063141998950449716,0.595218,12.9357650622703602684,1328674.32054285,28875838.52439611814465431583,,0.03560045434182686,0.04094593787095849
2019-09-11,3347,231033,3883546827.7117187550875,0.011742619669914953,0.2431684582640810481515797471,0.00005,0.001035409751399375,2085.53622385,43187.690861418395815001875,0,0,284.1612785,39.78271523040217,0.0020417957719327225,20.7081950279875,,-31.32744412101558,187536713,287971,48032,659965.75603615,13666699.58778981284631174812,13.35828101,276.625888393741839767375,0.54080925,11.199183421939648884375,641624.95339889,13286894.66980760528680143388,,0.036184800929784315,0.041278627003104175
2019-09-12,3409,230657,3900911545.9931165447353,0.006245112558962577,0.1299032669261070734896127083,0.00005,0.001040039436436405,1105.64721766,22998.334183051712275658246,0,0,297.55412105,40.555335059610925,0.0019994298752669176,20.8007887287281,,-29.139538394420704,187536713,284950,47745,630260.84914403,13109922.76703374059675560824,12.79490987,266.144217008987919236347,0.6704104,13.94506509194209701224,610892.97173698,12707055.64096578733748313514,,0.03620824139883798,0.0399915627668663
2019-09-13,4724,224195,3900250924.8062863958091,0.0005297343178641925,0.01101702557382161261686388791,0.00008976,0.001866762605627050032,88.55356698,1841.672097071683376877486,0,0,227.10086096,41.08699335116691,0.0020103030566919924,20.7972661054707,,-22.670630959037986,187536713,267717,48301,825786.00631546,17174091.31951652966865598702,16.76122229,348.587600218076987781903,0.6634098,13.79711014757709599286,809583.79786123,16837129.67879760126626243096,,0.033275362530290245,0.03996657592522195
2019-09-14,3065,216096,3941988417.5271950788802,0.0005676386856705886,0.01193166441097760127874164676,0.0001,0.00210198224895154,89.55124669,1882.351309138603523954026,0,0,468.42774748,42.114300761568785,0.0020282643921683352,21.0198224895154,,-25.127289948713333,187536713,246370,47075,400353.55294167,8415360.615880709392402766718,8.03133106,168.817153235731556368324,0.6503868,13.67101508552395455672,378074.90944537,7947067.484281286651254073698,,0.032051995213583415,0.03699121869491931
2019-09-15,2489,231294,3828736165.6302412315753,0.000697855638262165,0.01424737096998882711364008454,0.0001,0.00204159287234081,104.68462644,2137.233871835643032170164,0,0,729.32379722,41.7877560945659,0.0019809424240215933,20.4159287234081,,-25.965832868887723,187536713,219923,45000,257137.79492122,5249706.893205956854309409882,5.24829885,107.148895240744699310685,0.7324844,14.95434930140834808364,236173.4482382,4821700.28559260351004460942,,0.03221739309880304,0.034827973961000146
2019-09-16,4235,231193,3796605948.167051723704,0.02446767884001872,0.4953383982039622327634993498,0.00007216,0.00146085041609817728,4105.5052356,83114.3158497714155578848,0,0,184.11124683,42.05410515424834,0.001973576808706994,20.244601110008,,-26.162471281231603,187536713,257433,49587,1018605.41509143,20621260.31702012337280803144,20.11258304,407.17122093671207506432,0.71717022,14.51882503187668156176,997322.65502008,20190399.32885563722152896064,,0.0322089424597769,0.03392766208112768
2019-09-17,7954,225478,3965441838.0434961170795,0.0063306488656251205,0.133860829019182241392595556,0.00005027,0.001062953263974753305,1097.38632761,23204.105406292370024461115,0,0,229.39026357,44.67909051234225,0.0020739200952269964,21.1448829117715,,-24.27866651728986,187536713,299472,49420,817544.34596435,17286879.47059699159313434602,15.99239464,338.15731214164212950476,0.825375,17.4524577333034018125,790344.14328816,16711734.36983250023918057544,,0.033286064873975334,0.03452492931599587
2019-09-18,5481,230764,4144607176.7791073798506,0.006163526454521871,0.136215440534458088439295026,0.00005,0.00110501221613581,1090.17374164,24093.106044453687401842568,0,0,164.90868837,47.848281867790824,0.0021749385698031946,22.1002443227162,,-23.367087334695864,187536713,294181,46865,1137215.47875161,25132739.92798525427674032308,23.76018421,525.105876193743599551202,0.82475,18.22717650516018595,1113521.0327806,24609086.88293453478543066572,,0.03386709960049489,0.033718335690899326
2019-09-19,5124,230501,4043427893.566301599086,0.0006284311423885692,0.01354943237338108250031440028,0.0000659,0.0014208519170644698,103.72193162,2236.32026379221316733164,0,0,254.61664033,48.21888640984429,0.002099717832816931,21.560727117822,,-23.14253363820136,187536713,279803,44057,736545.39136209,15880454.19304743174049416798,16.20722208,349.43949260481947990976,0.8704051,18.7665668430605696922,714041.58303496,15395255.72259441141226505712,,0.03381535534259081,0.03369362291725606
2019-09-20,3476,227643,3986519512.2891571959708,0.0006129242439160826,0.01302909930988575037687147858,0.00009817,0.002086826703214247772,89.05053755,1892.97178053298438337058,0,0,412.8166745,47.964360190496954,0.0020901685008766807,21.2572751677116,,-20.830010795212793,187536713,234690,41878,454285.7025526,9656876.18391780219722063016,10.2729756,218.37546912038717463696,0.909651,19.3367016135840246516,430211.67223194,9145127.896995700252194228504,,0.033183182848460946,0.03365279678316744
2019-09-21,2471,233434,3931614484.7972415550127,0.0005602243087970535,0.01174482570355180671330296783,0.0001,0.00209645056794679,77.66669705,1628.243911410237794499695,0,0,508.5770098,47.60959851099609,0.002099304339567501,20.9645056794679,,-22.406505682574494,187536713,224019,40144,368747.91700645,7730617.800373678854996867955,8.73325191,183.088309267418885458689,0.91632144,19.210226033098204561776,350587.66483499,7349897.090584536421284501821,,0.03309298647389985,0.0333409751865187
2019-09-22,2509,233429,3822664559.6263015269469,0.0005611831261076477,0.01143890608572201183042980388,0.00005,0.001019177658197065,77.29736379,1575.594924245976176305527,0,0,597.20879787,46.5773693996142,0.0020288171420222057,20.3835531639413,,-24.653235698800575,187536713,230571,37966,314022.01988458,6400884.536965568481243895154,7.7241124,157.44485574965822820212,0.896387895,18.2715703132459318105635,293253.65122605,5977551.390286089967395230865,,0.033229414638685804,0.033451469067850445
2019-09-23,3296,232296,3619423207.7583907254564,0.022466801849582222,0.4336050404087386970188381443,0.00005,0.00096499057434114,3121.60484938,60246.385129385880448749864,0,0,372.28329918,44.33814439824084,0.0019911613640967002,19.2998114868228,,-26.66288797878471,187536713,236258,36603,503747.31665987,9722228.248528321473414561036,13.04544218,251.774574836246669305704,0.964,18.6050182732971792,477502.32008563,9215704.762173179286512636364,,0.03409427438494317,0.03403219495148409
2019-09-24,2842,230548,2998487968.6477815661471,0.0006831080051691524,0.01092208081298028322376759384,0.00005,0.000799440259104835,115.51492989,1846.945709634768983700363,0,0,327.25683952,65.46530866248446,0.0018562126090966272,15.9888051820967,,-38.57898600896423,187536713,286547,46453,573056.6648386,9162491.37240645945311509262,11.83266385,189.190157082888289294295,0.67895994,10.855758207108064506198,549662.73377082,8788450.366120325602744878294,,0.04708740524949871,0.041301945970584286
2019-09-25,2895,228862,3006562041.8050603802325,0.01834217658919992,0.2940591792134796011457749478,0.00005,0.000801592923782625,3088.49237844,49514.2727142814625559321,0,0,320.59848692,66.31438704632525,0.0019030814888053424,16.0318584756525,,-38.53862701388344,187536713,286373,44786,584958.1974021,9377967.03492326509160237025,12.55273868,201.2437299996089749887,0.7047245,11.29804344832497023625,562186.95430567,9012901.688286620317737699675,,0.04709635022661096,0.0410679961804503
2019-09-26,3809,226508,2868914395.6695582120761,0.02657740673733324,0.4065780164777679402147671132,0.00005,0.000764894070546485,4093.26614383,62618.300051684852734218751,0,0,371.09220442,64.01669102499841,0.001890565678167112,15.2978814109297,,-40.2254939929343,187536713,266878,38752,505364.19457911,7731001.518001226735045298567,12.27013002,187.706993942648468079594,0.7371242,11.27643859672642636874,475492.07847316,7274021.428318880533312096852,,0.04742649972031427,0.04133172798504709
2019-09-27,2408,230389,2935449493.9870982067368,0.0008077706447764576,0.01264376394645823036884232251,0.00005,0.00078263329004468,112.8641378,1766.62462988940263353808,0,0,163.65169742,65.84693027056682,0.0019119441942472052,15.6526658008936,,-33.28266812287385,187536713,246054,35934,1145950.30763141,17937177.18978567150767742798,31.24461973,489.061590709696426190728,0.67849,10.620177219248298664,1122744.16550907,17573939.20261664376510490495,,0.04607340408618971,0.041496556815227244
2019-09-28,2240,231505,2951460266.3668012647666,0.0005781923025293323,0.009099613509992879371872447737,0.00005,0.00078690199352241,73.64608815,1159.04507160724271720883,0,0,711.07501258,66.73162916995425,0.0019188100633584567,15.7380398704482,,-27.703181561527977,187536713,214625,34543,263736.89087913,4150701.703963794165405126066,7.0735853,111.32436747841629193146,0.67849,10.678102671700399218,244342.85692974,3845477.624419468377209709468,,0.04469633381887188,0.0415377119407366
2019-09-29,3040,232613,2861751791.7901944065125,0.0005615737030884704,0.00856943968638121964777908396,0.00005,0.000762984416760625,79.71033299,1216.354838523407117410375,0,0,526.551443,65.33755541002266,0.0018922032462752164,15.2596883352125,,-31.188742731254944,187536713,241438,39992,356160.2868882,5434894.9752938030501107425,8.48021733,129.405473470667891732625,0.6230328,9.50728635061478247,339140.85142017,5175183.694410403763643736125,,0.04448705921159892,0.04126580168708824
2019-09-30,2785,232001,2961868780.569817632969,0.0005647949386056578,0.008920112064030602286458073971,0.00005,0.00078967705394565,79.66658527,1258.21748707847031341151,0,0,226.45065125,68.53567439459549,0.0019068877323030779,15.793541078913,,-25.39002907530791,187536713,242860,37286,828157.09278467,13079533.06468785047938666371,21.60881143,341.27965098618976637559,0.6145056,9.7052194368220804128,805706.14301787,12724953.06728528244163917531,,0.044802307960761865,0.041180214070006896
2019-10-01,3993,231607,2967028341.8259733525822,0.0006021268507695304,0.00952628103067805763275235317,0.00005,0.00079105266759847,94.7386387,1498.86505736565292005578,0,0,171.14361664,68.97637850557648,0.0019028150298961433,15.8210533519694,,-26.433465595897026,187536713,262706,44604,1095785.61377227,17336482.65781161860836760854,24.01342299,379.917646288198551736506,0.287245,4.544518470086450303,1071094.71925619,16945846.69836486824783964059,,0.04459826581716187,0.041106140388848335
2019-10-02,4243,231627,2976982157.2521045667743,0.014593705310932764,0.231662374923048348457170909,0.00005,0.000793706498751555,2116.55426865,33598.457559756992621505015,0,0,375.56811948,70.22033973655685,0.0018982447399181804,15.8741299750311,,-30.259628325077447,187536713,244664,41334,499341.40645849,7926610.388036904219978609039,11.40254263,181.005443754452953325793,0.41362136,6.565879229089129624296,471312.69718224,7481679.013953351846526367664,,0.0428640619296735,0.04113538865389509
2019-10-03,2544,230368,2944508344.6320437471849,0.006761066805336128,0.1061553085177884216156871598,0.00005,0.000785048510643365,1101.09381778,17288.241234536114637520594,0,0,893.15896124,70.03167539540864,0.001902147280523436,15.7009702128673,,-29.9034183191839,187536713,270609,44788,209970.14097063,3296734.928971409500137387399,4.04980316,63.585838783135864200668,0.4599845,7.22220293288065855685,181382.58383592,2847882.545940685730575933416,,0.04285755531294567,0.04113571679970492
2019-10-04,2279,231122,2938611269.8931511663413,0.0005071397465199997,0.007946639091058544405643860623,0.00005,0.000783476265229505,77.00714195,1206.665359419686817264695,0,0,1030.95151163,70.67250062354677,0.0019189477790765679,15.6695253045901,,-27.73058349341721,187536713,250445,41799,181906.43389542,2850387.468992029966349367342,3.80580866,59.635215102298140330266,0.311576,4.8822480163029649976,159078.99624997,2492692.357167698539927987297,,0.04271156173137191,0.041045023251859755
2019-10-05,1983,231769,2943512078.6925603851556,0.0004965367038936318,0.007793470206684791801151735818,0.00005,0.00078478289173506,75.76157028,1189.127684134547586600336,0,0,1043.6702906,74.79218845339574,0.0019278265746726577,15.6956578347012,,-31.150515788920526,187536713,265996,37065,179689.61528323,2820346.717934673436560420876,4.20140245,65.94377528107531669794,0.5087205,7.9847029014981118146,155724.9817768,2444206.03028373251667309216,,0.04121616036310089,0.04107028677421054
2019-10-06,2103,231109,2821969398.9828648674003,0.0004640074280980189,0.006982178273506112264620612086,0.00005,0.000752377855471655,74.95483192,1127.887113944159056984552,0,0,985.58205743,72.64611779105007,0.0019157612494736973,15.0475571094331,,-32.169348460395845,187536713,286284,38378,190280.1614404,2863251.59606656903772343724,4.46628043,67.206609837168422924233,0.58696,8.832314120952852376,171406.91019239,2579255.270071459035004834109,,0.04148995706660349,0.039807943680448245
2019-10-07,2328,173255,3021151779.261474725776,0.013825136182410765,0.2227181766592148540036139233,0.00005,0.0008054827587976,2069.52611055,33339.3520185896184534936,0,0,692.13464469,78.37545424102133,0.0019583770110122136,16.109655175952,,-28.30578609619491,187536713,256928,40941,270954.0902759,4364976.9628585179067251568,6.07262318,97.82786544329309376736,0.3583424,5.7727724989230619648,248619.26567906,4005170.64018805435906196512,,0.04384137286814095,0.040151399620174645
2019-10-08,2396,224970,3000236448.4069534842012,0.0005544444660974908,0.008870073860168517120053855222,0.00005,0.00079990642909662,86.15179892,1378.267556686944869833008,0,0,793.6633044,78.39886969671564,0.001953345996493283,15.9981285819324,,-28.682775781981473,187536713,256697,42650,236292.53357128,3780238.335023915727055541472,5.02342635,80.36542066916735207874,0.340867,5.4532340953375513908,214249.13392609,3427585.193117243063050976316,,0.043812879934273866,0.03977553321851907
2019-10-09,2835,227769,3340999648.8793088803639,0.013031167068399232,0.2321525417799630889351216782,0.00005,0.000890758826747515,2079.16179926,37040.634498541798022676778,0,0,470.08550379,87.65553376258876,0.0020719340331537568,17.8151765349503,,-19.619896982383473,187536713,277523,37963,398941.70631958,7107216.925237615424251216874,9.9912982,177.99674124633116947946,0.6055509,10.78799618439803562027,379299.65354345,6757290.287522048850164640535,,0.04888916970815183,0.042589285907150845
2019-10-10,3790,225420,3303225608.8738060157913,0.01728368921831924,0.3044306574882124968305939295,0.00005,0.000880687721362005,2534.03081105,44633.796416894758816083105,0,0,79.58195096,86.95854997817202,0.002053342136581243,17.6137544272401,,-18.95319965842868,187536713,255969,36164,2356523.19062457,41507220.78175748595054034926,64.4516251,1135.23509694794415288651,0.4766405,8.39542871707693488405,2330828.5701717,41054642.04699949296481412517,,0.04884045003516018,0.04241909118952129
2019-10-11,2515,226609,3123759485.2674319033652,0.027477274881414875,0.457683173961357987127378921,0.00005,0.00083283945721802,4082.5460246,68002.10830390898652966584,0,0,566.3947877,83.0339510850172,0.002009298244122333,16.6567891443604,,-19.564263704062824,187536713,263826,35974,331106.0007464,5515162.83886522201975060256,8.45485921,140.830807106223547499284,0.4042124,6.73288071633586374896,304155.10536089,5066247.457177066254150224756,,0.04908003204063437,0.042832771398302084
2019-10-12,2861,230947,3241576956.2800785401968,0.0005894102270863381,0.01018797108766048258169177553,0.00005,0.00086425129896568,82.38245685,1423.98290689193164461816,0,0,588.28900126,86.79090967078233,0.0020765911614529123,17.2850259793136,,-16.902064605650555,187536713,245716,35580,318783.30650198,5510177.734658214359857440928,8.1142699,140.25536602466236714064,0.69295,11.97765875236535912,288705.72289612,4990285.920635947433001703232,,0.04970418322985574,0.043195989035709564
2019-10-13,2808,224235,3430403340.6619208541127,0.0005619527684650103,0.01027918546400344695562493923,0.00005,0.000914595144008395,79.74615542,1458.708930009414989095018,0,0,594.20919298,92.819602564302,0.0022061693282676076,18.2919028801679,,-12.046598877935057,187536713,253789,33512,315607.22253383,5773056.662868356327093830057,8.61419026,157.569931627208271344654,0.700748,12.8180143594718955892,288678.74410402,5280483.550719575618712664958,,0.05100496314847942,0.042750781333451296
2019-10-14,2876,229158,3455601454.6891376865144,0.000585215818949027,0.0107833426475132510649657192,0.00005,0.00092131332564444,80.78845859,1488.629669144820520074792,0,0,49.01553833,92.37590507393462,0.002207698671929721,18.4262665128888,,-12.33861978577722,187536713,246334,33475,3826066.57748188,70500122.45273742670486845494,113.52258587,2091.797422472924259761256,0.57375,10.572070411769949,3800168.56202865,70022918.71784129809749986412,,0.050975015330153375,0.04229880410848593
2019-10-15,3249,224172,3452094216.3203490234968,0.007460242557677807,0.137324899075662509637063262,0.00005,0.00092037824517068,1085.99496936,19990.522883274863891407296,0,0,281.65305609,93.09595138781785,0.0022556320438635595,18.4075649034136,,-9.837239575056849,187536713,258717,34887,665842.98996425,12256548.0532499021853669638,18.1356313,333.83281021912916100568,0.583704,10.7445692643821319744,632697.76918882,11646425.25058820160932095595,0.04625461859032136,0.0507621265466733,0.0422813958659158
2019-10-16,2796,229095,3330139201.0722983416633,0.007386924695448861,0.1311715829405802836715640369,0.00005,0.000887863274289205,1083.41069738,19238.411383515156257115658,0,0,251.48264785,106.68127661640415,0.0022185888472125393,17.7572654857841,,-12.286414588797577,187536713,260897,36092,745724.26607343,13242023.77185739741159172646,19.95634765,354.370163347653632442365,0.485552,8.6220757711534413232,720264.49950431,12789927.93768344296580167947,0.04567851441075735,0.051103077388731204,0.042449080927574455
2019-10-17,2788,228732,3427693822.478721207095,0.014565031450545189,0.2691711305145700086494433391,0.00005,0.00092403209505083,2066.09340635,38182.73237680592662189541,0,0,45.44606666,109.75932962509397,0.0022893361670513084,18.4806419010166,,-12.599932673411487,185474825,251712,33080,4081207.43183211,75423333.07145684130660952303,122.55089149,2264.819140277032667288734,0.575537485,10.636302160896712907251,4053983.49063924,74920217.16313707614473985138,0.045741823245383284,0.0509914518172721,0.04276017404561757
2019-10-18,2928,229691,3383440545.11535694311,0.021314892809410204,0.388827284490745645008868783,0.00005,0.00091210236891054,3109.01158007,56714.736543042960197538756,0,0,604.9256205,111.09893786347106,0.0022919068325012006,18.2420473782108,,-17.457711725565282,185474825,261773,32859,306607.65343017,5593151.340395198247937339836,8.30635847,151.524984750142572025476,0.6963138,12.70218932970199934904,272938.63299409,4978959.474422279237831174172,0.04570057510018797,0.05017119801830093,0.04245670289216109
2019-10-19,2532,230794,3367410864.2942289840925,0.0004967266076976673,0.009018380663495125328368125648,0.00005,0.000907781113769545,79.88208287,1450.308923159193835443883,0,0,819.18486079,112.944734083981,0.0022841635580128283,18.1556222753909,,-15.7930890912137,185474825,284186,35682,226413.88272455,4110684.932651582856108276595,5.55894466,100.926099496761292967594,0.68259955,12.393019595151804414095,198354.26343926,3601245.083716583647094906734,0.04569300455882861,0.050052086121363304,0.04237664055859272
2019-10-20,2263,230903,3414269658.5054074502775,0.0005523115433987095,0.01016709704224552529495215081,0.00005,0.000920413230880635,88.90172296,1636.526441209374591977592,0,0,752.52228129,118.10821404494247,0.002241163465809463,18.4082646176127,,-13.40251997314481,185474825,281499,37322,246470.87483242,4537101.084449685595492963734,5.68909813,104.726423812605576634251,0.7040999,12.96125727643464030873,212328.52044832,3908599.590278863717572125664,0.0455824298309501,0.05015007452322913,0.04218652616014214
2019-10-21,3457,228189,3384718137.8435866815075,0.05185170356017796,0.9462383992987901117928089087,0.00005,0.000912446780268855,8280.40594831,151108.594937090689660657701,0,0,348.7943675,125.55923616141637,0.0022223213939216897,18.2489356053771,,-12.953179605614846,185474825,269717,34395,531759.80543534,9704050.446917375273910366714,14.38180278,262.452592821453359728338,0.6991932,12.75953168251755175572,494662.1064479,9027056.92698791946782100309,0.04557585037553582,0.0501266881843454,0.04215535456252536
2019-10-22,3593,225005,3370744743.595418767205,0.00561995141737425,0.1021347328370622622005585844,0.00005,0.00090867985549937,1092.01837986,19845.902072276818773013764,0,0,324.70537145,129.40077473154557,0.002263436575102279,18.1735971099874,,-10.841858807341461,185474825,325275,39390,571209.59894199,10380933.11652921128070223093,13.73828657,249.674085104730710289218,0.67216,12.215565033449130784,541151.10801374,9834662.212664984600330426876,0.0454266590628345,0.049930200486214764,0.042144121174490984
2019-10-23,2836,227268,3086570723.47970514919,0.005940424804008572,0.09885730467779400111630494619,0.00005,0.00083207268789166,1096.60835924,18249.157300745797749598768,0,0,347.84116762,121.80495793049052,0.002231345367244409,16.6414537578332,,-13.774008781405083,185474825,315676,40628,533217.00323073,8873506.102154589303444454236,12.29451892,204.598668081985375604144,0.6935,11.5408481810573242,499501.71473246,8312434.687678623545567305672,0.04585762794321816,0.051453596384062765,0.04335970130257326
2019-10-24,4198,228335,3160488578.7914754249575,0.0007736360362629192,0.01318274788371124678025994878,0.00009284,0.001581992379046593404,127.40857154,2171.040383471485272585374,0,0,181.42399366,126.8752887972625,0.00228590534774985,17.0399868488431,,6.574485427613127,185474825,254138,48544,1022327.98023737,17420455.33844911343824788665,20.40435943,347.690016346267692075433,0.757392,12.9059497194189731952,990509.22401569,16878264.15088514167241274824,0.04587310015771356,0.03828749372122118,0.04354487845058981
2019-10-25,3010,227239,3445141599.449726500305,0.01761409474628791,0.3271767505217236611926003362,0.00005,0.00092873563823277,3068.12870747,56989.609466248682701955838,0,0,329.45404002,140.78884753930237,0.002145714757451781,18.5747127646554,,15.861257089218444,185474825,305777,37822,562976.32589458,10457123.54679285352841042773,14.08119437,261.554140806032753470098,0.44491237,8.264119478192086247298,532578.93354156,9892500.715040974489514978424,0.0463089760663253,0.04125384662731748,0.04516961920363279
2019-10-26,2713,229112,3495664025.60935668429,0.0003409794720518028,0.006426476875892769300926480331,0.00005,0.00094235539125306,62.53836301,1178.667270852288901066212,0,0,214.3363204,145.14231834135495,0.002037602982268713,18.8471078250612,,23.2007708701136,185474825,334254,33087,865344.82188058,16309247.1638416696366375915,25.5800724,482.11038269567203043088,0.470005,8.858234913317889306,846367.85557541,15951586.23369557740134446509,0.0462020637727857,0.040104030935604426,0.04520919716102139
2019-10-27,3447,229883,3582512663.5259953828975,0.0004082807117362193,0.007886088152763654729391724148,0.00005,0.000965767905031315,59.92825943,1157.535791237684951881009,0,0,660.17272348,151.99198700758697,0.0020208247293401695,19.3153581006263,,23.399798771169074,185474825,254268,30533,280948.93715408,5426629.329121408395387600304,8.54264858,165.004316450506758805654,0.429048,8.2872157623575127624,260832.68909211,5038076.794163428047769388493,0.04621351041206367,0.0401272749403868,0.044064431375333994
2019-10-28,2951,227802,3724945558.099379134765,0.012281519932673637,0.2466533833900188342615373979,0.00005,0.00100416473181721,2079.92452667,41771.737090472359964199814,0,0,213.19050393,160.50736139298394,0.00215504997662186,20.0832946363442,,27.609885358437918,185474825,297834,38523,869995.71547,17472380.286141085744184774,21.6782847,435.37137884065253479374,0.08939,1.795245707542808038,835112.56157274,16771811.62857747470951597711,0.04630362174452017,0.04054730600291718,0.043373496729045245
2019-10-29,6561,227591,3844309347.1740508434625,0.000478928452160613,0.009926679403895621964902542828,0.00005,0.001036342626869725,87.99208773,1823.799026837189949619485,0,0,467.37667368,168.41470719941614,0.0021976881925178625,20.7268525373945,,35.82749583139416,185474825,318753,48551,396842.2804253,8225291.42697854902361388085,7.39135233,153.199469795837249704185,0.06553436,1.35832101585252462502,358857.5468207,7437987.45488379138133666615,0.0460841711927455,0.040075966380791986,0.043506739358533726
2019-10-30,5695,227440,3713516954.27089152431,0.00042182388139235005,0.008445621314196390538707784467,0.00005,0.00100108382748734,75.61741445,1513.98741364604981816126,0,0,293.90464973,166.88237397779235,0.0021803324137930975,20.0216765497468,,26.77129498513201,185474825,270933,50609,631071.42118451,12635107.87474528980639658207,11.72244838,234.703069835463365070184,0.16434,3.290362324185389112,593261.38987739,11878087.65757833295428754485,0.046148517872626256,0.040616820255334155,0.04332295597954991
2019-10-31,2392,227724,3697542731.8433982945825,0.0005141638844780047,0.01025014006093826993056064836,0.00005,0.000996777522729405,84.24420998,1679.454698563204350809238,0,0,437.74587258,169.3566245143646,0.002177492805953638,19.9355504545881,,26.006467528323757,185474825,250751,45679,423704.33765091,8446779.201067548664985640171,8.5047012,169.54589987379595957572,0.20922,4.170915866108922282,388486.24616063,7744687.161248771914793086503,0.046099106241334974,0.04066350109373614,0.04326894119270331
2019-11-01,2682,228276,3710700762.4953732182725,0.0005041123497824931,0.01008552012771130226170806751,0.00005,0.001000324643114065,76.11945248,1522.883282721880599742624,0,0,396.38160256,171.890498683242,0.00216254116306254,20.0064928622813,,26.032059040401702,185474825,260934,34454,467919.86257717,9361435.390769798386503497921,12.69050937,253.892585129618957225781,0.5428,10.85952432564628964,437238.8099065,8747615.12950676241462969845,0.04609859867377486,0.04066276780560969,0.04259966131659276
2019-11-02,2078,230170,3747433134.82572010694,0.00040860606513023974,0.008255696737062923072364237697,0.00005,0.00101022689597516,64.54423126,1304.086367977853805110032,0,0,781.89196371,175.4675954409582,0.002172486379310341,20.2045379195032,,28.68337208196932,185474825,276187,35995,237212.85498293,4792776.123496222791350080376,5.74050092,115.984168515083005542944,0.50492,10.201675286315555744,206629.33047932,4174850.142950979264432273824,0.046036309552070595,0.040510333215346604,0.042587578255007155
2019-11-03,1845,230104,3735027271.638974225085,0.00039824482027589806,0.008019715152821635893420583191,0.00005,0.00100688254366569,58.02227909,1168.432399188395536748442,0,0,767.48230417,179.1060078934643,0.002186584244816913,20.1376508733138,,28.514747459610934,185474825,260483,31828,241666.5817464,4866597.25095615279795922032,6.8422216,137.78626977864654593808,0.41624,8.382095799508136112,217774.22902251,4385461.393260387991218493638,0.04589761625625818,0.040522658759896274,0.04239589016084746
2019-11-04,1936,228291,3832258538.5720381915575,0.011954200772002554,0.2469962593592485574009176899,0.00005,0.001033093989594555,2062.87665622,42622.909496315901838377642,0,0,701.56836615,185.96721231108816,0.002193787400919779,20.6618797918911,,31.640737900199277,185474825,312193,34595,264371.70481142,5462416.385190877990170676362,6.83227986,141.167745171878553843246,0.454439,9.3895639907471995929,236362.7216076,4883698.14114045229323613236,0.04590989311518058,0.040623147365141804,0.042009496447638406