Date,BTC,ETH,LTC,BCH,EOS,BNB,XLM,TRX,ADA,NEO
7/2/17,2536.46,283.99,41.26,0,3,0,0.02523,0,0,8.142
7/3/17,2572.47,276.41,45.34,0,4.2,0,0.02605,0,0,8.24
7/4/17,2617.32,269.05,54.51,0,3.24,0,0.02579,0,0,7.737
7/5/17,2627.86,266,52.92,0,2.86,0,0.02558,0,0,7.926
7/6/17,2614.24,265.88,51.04,0,3.23,0,0.0253,0,0,7.84
7/7/17,2513.88,240.94,46.1,0,2.65,0,0.0203,0,0,6.78
7/8/17,2564.86,245.67,51.22,0,2.37,0,0.02156,0,0,7.394
7/9/17,2511.43,237.72,48.63,0,2.22,0,0.01923,0,0,6.844
7/10/17,2344.02,205.76,45,0,1.7,0,0.01489,0,0,5.656
7/11/17,2324.29,190.55,43.98,0,1.53,0,0.01432,0,0,5.276
7/12/17,2403.09,224.15,47.14,0,1.96,0,0.01784,0,0,6.558
7/13/17,2362.44,205.41,45.69,0,1.71,0,0.01714,0,0,6.26
7/14/17,2234.17,197.14,42.46,0,1.51,0,0.0161,0,0,5.559
7/15/17,1975.08,169.1,38.41,0,1.29,0,0.01758,0,0,4.942
7/16/17,1914.09,155.42,40.7,0,1.22,0,0.01565,0,0,4.942
7/17/17,2233.39,189.97,42.17,0,1.51,0,0.0186,0,0,5.874
7/18/17,2320.23,227.09,43.35,0,1.67,0,0.01853,0,0,6.005
7/19/17,2282.58,194.41,40.11,0,1.45,0,0.0171,0,0,5.779
7/20/17,2866.02,226.33,44.35,0,1.71,0,0.01897,0,0,7.337
7/21/17,2675.08,216.33,45.2,0,1.79,0,0.01898,0,0,7.324
7/22/17,2836.53,230.47,46.47,0,2.03,0,0.02312,0,0,8.836
7/23/17,2756.61,228.32,44.67,0,1.91,0,0.0222,0,0,8.849
7/24/17,2763.42,225.48,44.77,0,1.9,0,0.02274,0,0,8.506
7/25/17,2582.58,203.59,42.3,0,1.67,0,0.01861,0,0,7.332
7/26/17,2559.21,202.88,42.03,0,1.66,0,0.01891,0,0,7.248
7/27/17,2691.88,202.93,41.89,0,1.91,0,0.01848,0,0,7.86
7/28/17,2806.75,191.21,40.43,0,1.8,0,0.01708,0,0,7.076
7/29/17,2733.5,206.14,41.07,0,1.81,0,0.01747,0,0,7.326
7/30/17,2766.49,196.78,40.61,0,1.79,0,0.01603,0,0,7.212
7/31/17,2883.27,201.33,42.38,0,1.72,0,0.01605,0,0,7.459
8/1/17,2746.99,225.9,43.16,441.72,1.77,0,0.01799,0,0,7.832
8/2/17,2720.53,218.12,41.92,670.61,1.76,0,0.0184,0,0,8.205
8/3/17,2809.99,224.39,42.75,405.76,1.78,0,0.01889,0,0,11.02
8/4/17,2878.49,220.6,43.31,217.27,1.78,0,0.02245,0,0,10.37
8/5/17,3262.8,253.09,46.24,203.5,1.86,0,0.02381,0,0,14.23
8/6/17,3232.03,264.56,45.56,216.9,1.76,0,0.02283,0,0,15.92
8/7/17,3401.91,269.94,46.11,322.6,1.83,0,0.0223,0,0,19.54
8/8/17,3429.38,296.51,49.13,343.43,1.86,0,0.02378,0,0,18.42
8/9/17,3348.79,295.28,47.78,302.63,1.82,0,0.023,0,0,22.57
8/10/17,3425.67,298.28,46.97,275.66,1.84,0,0.02207,0,0,37.92
8/11/17,3654.37,309.32,47.11,327.65,1.76,0,0.02166,0,0,34.26
8/12/17,3871.62,308.02,46.27,316.2,1.65,0,0.02005,0,0,37.86
8/13/17,4062.6,296.62,45.49,289.5,1.59,0,0.01827,0,0,48.55
8/14/17,4327.94,299.16,45.7,297.29,1.61,1.586,0.01776,0,0,48.13
8/15/17,4161.66,286.52,43.17,297.6,1.62,1.43,0.01738,0,0,47.44
8/16/17,4387.4,301.38,43.97,300.05,1.59,2.26,0.01774,0,0,45.59
8/17/17,4278.92,300.3,43.83,446.29,1.52,1.934,0.01728,0,0,40.64
8/18/17,4105.37,292.62,46.74,689.83,1.4,0,0.01675,0,0,39.32
8/19/17,4150.45,293.02,45.19,738.54,1.39,0,0.01649,0,0,39.72
8/20/17,4066.6,298.2,45.81,719.27,1.36,0,0.0177,0,0,37.92
8/21/17,4005.1,321.85,48.09,605.22,1.33,0,0.01955,0,0,35.49
8/22/17,4089.7,313.37,46.4,684.6,1.27,0,0.02153,0,0,35.96
8/23/17,4141.09,317.4,53.44,676.65,1.42,0,0.02011,0,0,39.97
8/24/17,4318.35,325.28,50.36,617.52,1.37,2.41,0.01908,0,0,42.26
8/25/17,4364.41,330.06,51.09,631.97,1.37,2.571,0.02059,0,0,40.24
8/26/17,4352.3,332.86,51.58,621.51,1.36,2.457,0.02125,0,0,38.69
8/27/17,4345.75,347.88,61.08,619.7,1.34,1.931,0.0199,0,0,39.94
8/28/17,4390.31,347.66,62.36,591.81,1.33,1.877,0.02061,0,0,38.71
8/29/17,4597.31,372.35,63.76,547.08,1.32,2.085,0.02005,0,0,33.56
8/30/17,4583.02,383.86,65.97,579.29,1.25,2.265,0.02115,0,0,33.32
8/31/17,4735.11,388.33,73.03,594.26,1.34,2.097,0.02249,0,0,33.38
9/1/17,4921.85,391.42,87.88,631.47,1.32,2.349,0.02412,0,0,32.04
9/2/17,4573.8,351.03,79.18,577.67,1.24,2.029,0.0204,0,0,31.97
9/3/17,4612.92,352.45,79.04,610.75,1.3,1.824,0.02138,0,0,31.03
9/4/17,4267.45,303.7,68.89,525.32,0.9142,1.347,0.01762,0.0135,0,23.08
9/5/17,4409.08,317.94,73.73,546.74,0.923,1.017,0.01868,0.001908,0,23.5
9/6/17,4618.71,338.92,81.44,647.64,0.9106,0.9829,0.02038,0.002034,0,21.25
9/7/17,4635.6,335.37,80.25,669.84,0.9828,1.38,0.02029,0.001811,0,33.53
9/8/17,4326.45,306.72,73.19,605.66,0.8421,1.015,0.01829,0.002172,0,25.96
9/9/17,4335.13,303.79,71.09,587.84,0.8174,0.9594,0.01789,0.002825,0,22.49
9/10/17,4245.89,299.21,67.08,558.76,0.745,0.9425,0.01669,0.002094,0,23.76
9/11/17,4217.9,297.95,68.13,555.92,0.735,1.013,0.01722,0.001999,0,21.92
9/12/17,4158.92,294.1,65.89,536.92,0.859,1.046,0.01642,0.002059,0,20.96
9/13/17,3870.29,275.84,61.78,506.23,0.7272,0.9359,0.01527,0.001953,0,20.1
9/14/17,3243.08,223.14,45.2,386.49,0.5806,0.6699,0.01131,0.001383,0,15.78
9/15/17,3713.76,259.57,52,428.88,0.6511,0.8117,0.01229,0.001817,0,18.72
9/16/17,3698.92,254.49,52.1,443.21,0.624,0.8044,0.01188,0.001832,0,20.63
9/17/17,3689.61,258.4,51,440.54,0.6233,0.7842,0.01123,0.003346,0,19.8
9/18/17,4100.28,297.53,56.16,486.03,0.7049,0.8974,0.01351,0.003273,0,21.07
9/19/17,3907.96,283,52.8,531.09,0.6493,0.8009,0.01189,0.002578,0,19.86
9/20/17,3882.16,283.56,51.56,478.28,0.6166,0.7463,0.0123,0.002722,0,19.69
9/21/17,3617.27,257.77,46.46,416.13,0.5671,0.6908,0.01057,0.002075,0,17.26
9/22/17,3600.83,262.94,47.67,410.13,0.5659,0.7149,0.01077,0.002077,0,18.63
9/23/17,3788.02,286.14,49.29,429.56,0.578,0.7703,0.0119,0.002346,0,20.2
9/24/17,3667.52,282.6,47.5,421.4,0.5454,0.7783,0.01157,0.002247,0,19.79
9/25/17,3932.83,294.89,52.27,451.1,0.5688,0.918,0.01204,0.00174,0,25.94
9/26/17,3892.7,288.64,52.27,450,0.5614,0.859,0.01236,0.001876,0,26.28
9/27/17,4212.2,309.97,56.9,464.14,0.6314,1.153,0.01445,0.002508,0,31.82
9/28/17,4195.65,302.77,54.91,459.42,0.8085,1.369,0.0137,0.001665,0,29.92
9/29/17,4172.79,292.58,52.8,440.23,0.7146,1.255,0.01327,0.001858,0,28.64
9/30/17,4360.62,302.77,55.41,433.36,0.7274,1.28,0.01398,0.00195,0,34.32
10/1/17,4403.09,303.95,54.8,416.4,0.7085,1.522,0.01387,0.001884,0.0255,35.72
10/2/17,4401.32,296.81,53.29,419.84,0.6549,1.973,0.013,0.00282,0.02588,36.61
10/3/17,4314.18,291.81,52.15,402.17,0.6308,1.837,0.01241,0.002442,0.02053,33.57
10/4/17,4218.66,291.68,51.22,355.84,0.6008,1.622,0.01181,0.003351,0.02189,31.17
10/5/17,4321.44,294.99,51.64,354.36,0.6054,1.674,0.01449,0.003103,0.02154,32.28
10/6/17,4371.94,308.33,52.08,363.35,0.6005,1.556,0.01838,0.003009,0.01849,33.49
10/7/17,4435.81,311.26,52.57,360.23,0.5895,1.566,0.02077,0.0024,0.02041,35.82
10/8/17,4611.7,309.49,53.3,343.06,0.606,1.216,0.01862,0.002689,0.02043,32.15
10/9/17,4777.49,296.95,50.08,313.02,0.558,1.427,0.01764,0.002126,0.02207,28.96
10/10/17,4763.36,298.46,50.58,317.81,0.552,1.422,0.0188,0.00255,0.02148,29.26
10/11/17,4824.2,302.86,50.79,314.1,0.6076,1.439,0.01955,0.0025,0.02253,29.92
10/12/17,5432.62,302.89,59.72,310.31,0.5947,1.345,0.01794,0.0018,0.02635,27.88
10/13/17,5637.26,336.83,59.05,319.46,0.5872,1.502,0.01786,0.00201,0.03354,29.23
10/14/17,5824.71,338.81,63.94,320.65,0.5836,1.508,0.0175,0.00274,0.03221,27.72
10/15/17,5688.14,336.58,65.57,314.84,0.5738,1.548,0.0188,0.00225,0.03003,27.69
10/16/17,5759.33,334.23,64.76,313.6,0.5608,1.437,0.036,0.00253,0.02891,28.55
10/17/17,5598.58,316.14,59.19,367.84,0.5501,1.386,0.0461,0.00218,0.02721,31.65
10/18/17,5575.83,313.54,60.55,338.34,0.5432,1.355,0.03515,0.00192,0.02725,29.66
10/19/17,5698.65,307.41,59.68,330.12,0.5663,1.265,0.03114,0.0018,0.02701,28.66
10/20/17,5993.11,303.08,60.09,324.95,0.5395,1.221,0.02656,0.00213,0.03003,27.62
10/21/17,6006.65,299.55,58.09,321.9,0.5284,1.243,0.0365,0.00234,0.02841,27.07
10/22/17,5982.86,294.03,56.51,326.37,0.5192,1.218,0.03138,0.00265,0.0277,28.49
10/23/17,5903.61,285.27,54.63,311.83,0.4924,1.198,0.03438,0.00312,0.0258,27.34
10/24/17,5513.08,296.5,55.56,323.84,0.5176,1.245,0.037,0.00266,0.02742,30.2
10/25/17,5734,296.35,56.19,331.14,0.5041,1.259,0.03516,0.004,0.02725,28.49
10/26/17,5887.61,295.54,55.55,335.53,0.5189,1.221,0.0347,0.00296,0.02714,28.22
10/27/17,5764.56,296.36,55.02,364.49,0.5213,1.183,0.0341,0.00312,0.02646,28.98
10/28/17,5726.61,293.35,54.22,417.01,0.5339,1.182,0.031,0.00368,0.02588,27.22
10/29/17,6147.52,304.04,56.75,451.91,0.6668,1.231,0.03021,0.00269,0.02834,27.65
10/30/17,6124.28,306.8,56.22,444.93,0.7125,1.331,0.03195,0.00262,0.02843,28.63
10/31/17,6451.24,303.64,55.5,435.48,0.7826,1.329,0.02936,0.00278,0.03051,28.35
11/1/17,6737.78,289.42,52.83,529.88,1.05,1.268,0.0273,0.00222,0.02304,26.83
11/2/17,7024.81,284.92,54.19,562.79,1.11,1.297,0.0275,0.00212,0.02129,24.49
11/3/17,7152.12,304.51,55.98,626.04,1.2,1.461,0.0274,0.00217,0.02253,26.73
11/4/17,7363.8,300.04,54.83,614.26,1.11,1.638,0.02708,0.00218,0.02194,26.38
11/5/17,7389.55,295.8,54.6,625.72,1.09,1.52,0.02664,0.00248,0.02069,26.47
11/6/17,6959.23,296.82,54.5,588.68,0.9124,1.573,0.02867,0.00183,0.02185,26.26
11/7/17,7102.75,291.84,60.52,603.26,0.9518,1.795,0.0302,0.00231,0.0228,26.15
11/8/17,7444.36,307.35,62.38,617.41,1.12,2.029,0.0336,0.00236,0.02509,30.54
11/9/17,7129.59,319.66,64.15,650.09,1.18,2.052,0.03902,0.00243,0.03316,31.89
11/10/17,6565.8,296.86,58.99,995.4,1.03,1.826,0.03282,0.00228,0.02725,28.15
11/11/17,6339.86,314.23,62.14,1325.56,1.16,1.681,0.0326,0.00225,0.0272,28.47
11/12/17,5878.13,306.02,58.54,1376.66,1.09,1.542,0.02854,0.00185,0.0241,27.16
11/13/17,6522.45,314.6,61,1355.37,1.18,1.696,0.03001,0.00215,0.0257,28.42
11/14/17,6597.06,334.72,62.13,1252.12,1.68,1.557,0.0359,0.0025,0.02619,29.76
11/15/17,7283.22,331.2,63.16,1191.53,1.67,1.551,0.0372,0.0023,0.02658,29.42
11/16/17,7853.68,330.32,70.7,896.51,1.67,1.572,0.03689,0.0022,0.02749,28.64
11/17/17,7699.95,331.72,67.36,1178.09,1.74,1.508,0.03578,0.002,0.02572,40.58
11/18/17,7780.91,346.65,69.42,1243.39,1.92,1.657,0.03637,0.00193,0.0263,42.93
11/19/17,8042.64,354.6,71.76,1172.62,1.88,1.609,0.0365,0.00196,0.02779,40
11/20/17,8244.69,367.71,72.38,1249.9,1.99,1.609,0.03862,0.00215,0.02943,35.34
11/21/17,8099.97,360.52,69.91,1172.07,1.91,1.586,0.03787,0.00212,0.02835,34.37
11/22/17,8234.55,380.84,72.03,1299.41,1.89,1.609,0.0423,0.00253,0.02866,35.92
11/23/17,8013.41,406.57,72.94,1670.8,1.88,1.556,0.04037,0.00233,0.02838,34.66
11/24/17,8200.8,470.43,77.54,1620.48,1.88,1.723,0.04043,0.0021,0.02813,34.66
11/25/17,8754.69,464.61,88.79,1541.7,2.05,1.895,0.04328,0.002,0.03047,38.03
11/26/17,9318.42,470.54,86.24,1723.91,2.46,1.872,0.0486,0.00208,0.03613,38.4
11/27/17,9733.2,475.24,90.99,1587.48,2.86,1.948,0.0605,0.00209,0.05078,40.15
11/28/17,9906.04,466.27,94.22,1485.91,2.76,1.916,0.07989,0.00226,0.1205,37.82
11/29/17,9837.86,427.42,85.41,1342.87,2.71,1.776,0.06607,0.00215,0.08993,32.27
11/30/17,9946.76,434.85,85.94,1318.42,2.84,1.979,0.07262,0.0022,0.1205,32.67
12/1/17,10861.47,461.58,99.15,1432.63,3.22,2.069,0.08748,0.00206,0.1329,35.82
12/2/17,10912.73,457.96,99.32,1393.56,3.91,2.079,0.09321,0.00202,0.1333,35.04
12/3/17,11246.21,462.81,100.7,1517.11,3.58,2.266,0.08946,0.002,0.1335,36.61
12/4/17,11623.91,466.93,103.87,1547.14,4.04,2.568,0.09701,0.00212,0.1358,41.93
12/5/17,11667.13,453.96,100.49,1426.89,4.19,2.582,0.1225,0.00204,0.1253,38.79
12/6/17,13749.57,422.48,98.97,1357.91,4.47,2.585,0.1398,0.00386,0.1186,35.08
12/7/17,16850.31,421.15,96,1251.14,3.89,2.698,0.126,0.00364,0.1032,33.82
12/8/17,16047.61,451.74,125.24,1396.46,4.22,2.866,0.1335,0.00404,0.1172,35.9
12/9/17,14843.42,472.86,155.98,1379.84,3.98,2.687,0.1319,0.00439,0.1205,35.55
12/10/17,15059.6,436.49,147.84,1296.63,3.67,2.515,0.114,0.00414,0.1092,33.15
12/11/17,16732.47,513.29,214.54,1409.54,4.39,2.727,0.1404,0.00496,0.1181,36.09
12/12/17,17083.9,656.52,328.52,1613.06,5.08,2.684,0.147,0.00767,0.1344,40.45
12/13/17,16286.82,699.09,305.27,1591.55,7.28,2.776,0.1449,0.01472,0.1328,44.33
12/14/17,16467.91,693.58,279.81,1933.27,8.2,3.199,0.1858,0.01754,0.2466,50.51
12/15/17,17604.85,684.27,300.27,1806.26,7.93,4.16,0.195,0.0185,0.2144,48.27
12/16/17,19345.49,692.83,302.04,1783.07,8.35,4.703,0.2298,0.03586,0.3984,49.62
12/17/17,19065.71,717.71,319.57,1842.7,7.97,6.094,0.263,0.03417,0.4855,67.76
12/18/17,18972.32,785.99,357.51,2146.79,8.88,6.038,0.2736,0.04556,0.5261,77.34
12/19/17,17523.7,812.5,346.87,2717.93,11.49,5.785,0.2565,0.04226,0.5281,69.56
12/20/17,16461.97,799.17,304.81,3715.91,10.44,5.159,0.2494,0.04689,0.493,76.56
12/21/17,15632.12,789.39,307.69,3084.09,10.64,5.185,0.247,0.04829,0.4744,71.11
12/22/17,13664.97,657.83,262.09,2521.46,7.69,4.395,0.204,0.03653,0.4125,54.1
12/23/17,14396.46,700.44,284.11,2991.57,8.26,4.823,0.2222,0.04813,0.4139,59.82
12/24/17,13789.95,675.91,272.24,2797.92,7.99,5.287,0.2116,0.03812,0.3828,59.66
12/25/17,13833.49,723.14,268.21,2748.71,8.15,6.544,0.222,0.03342,0.4114,66.18
12/26/17,15756.56,753.48,279.49,2938.6,8.6,9.327,0.2221,0.03763,0.4262,65.42
12/27/17,15416.64,739.94,264.07,2708.7,8.72,10.04,0.227,0.03649,0.4119,66.18
12/28/17,14398.7,716.69,249.86,2492.41,8.1,9.431,0.2174,0.03984,0.4074,65.47
12/29/17,14392.57,739.6,243.13,2616.57,8.12,8.699,0.317,0.03543,0.5283,73.92
12/30/17,12531.52,692.99,212.07,2209.96,7.08,7.694,0.309,0.03751,0.59,71.72
12/31/17,13850.4,741.27,226.52,2373.96,7.69,8.629,0.354,0.04862,0.71,75.57
1/1/18,13444.88,757.22,224.34,2317.9,7.64,8.48,0.484,0.0579,0.7022,78.36
1/2/18,14754.13,861.97,251.81,2549.51,8.3,8.749,0.556,0.09997,0.762,89.87
1/3/18,15156.62,941.1,244.63,2561.47,9.43,9.488,0.8848,0.1294,1.1,105.32
1/4/18,15180.08,944.83,238.3,2343.8,9.47,9.137,0.695,0.2537,1.13,99.05
1/5/18,16954.78,963.88,244.51,2387.23,9.29,14.99,0.64,0.2985,1.01,95.22
1/6/18,17172.3,1008.36,278.92,2524.33,9.83,22.74,0.6871,0.194,1.04,100.82
1/7/18,16228.16,1117.75,271.57,2531.59,10.16,18.57,0.705,0.2182,1.01,101.95
1/8/18,14976.17,1136.11,254.25,2400.68,9.6,18.12,0.614,0.1509,0.9,101.64
1/9/18,14468.5,1289.24,246.04,2374.28,9.23,17.65,0.5614,0.1254,0.81,127.42
1/10/18,14919.49,1248.99,249.1,2856.93,11.2,17.56,0.559,0.1328,0.7765,122.97
1/11/18,13308.06,1139.32,226.53,2437.92,11.27,21.29,0.5567,0.1108,0.68,108.25
1/12/18,13841.19,1261.03,235.35,2604.91,13.8,22.4,0.672,0.1086,0.895,123.82
1/13/18,14243.12,1385.02,257.94,2669.16,16,22.12,0.658,0.1041,0.879,139.64
1/14/18,13638.63,1359.48,236.86,2524.51,13.23,20.79,0.6196,0.08614,0.8,171.03
1/15/18,13631.98,1278.69,231.89,2397.87,12.78,19.63,0.5979,0.07826,0.77,189.48
1/16/18,11282.49,1050.26,183.86,1761.61,10,13.64,0.4301,0.05808,0.61,140.9
1/17/18,11162.7,1024.69,188.21,1748.8,10.15,14.38,0.471,0.0854,0.6242,143.48
1/18/18,11175.52,1012.97,191.03,1712.09,10.18,14.41,0.492,0.086,0.65,139.79
1/19/18,11521.76,1037.36,192.27,1765.13,11.07,15.01,0.5,0.0809,0.6441,139.99
1/20/18,12783.94,1150.5,210.68,2024.98,15.53,17.55,0.526,0.08601,0.7048,150.47
1/21/18,11549.93,1049.09,190.73,1779.84,13.47,14.13,0.4513,0.0719,0.61,131.32
1/22/18,10814.52,999.64,179.42,1610.28,13.38,12.96,0.478,0.07199,0.5675,122.96
1/23/18,10858.23,984.47,177.92,1618.96,12.88,13.21,0.4838,0.06861,0.5601,121.72
1/24/18,11429.02,1061.78,180.59,1659.49,13.9,13.82,0.5687,0.07221,0.628,138.29
1/25/18,11175.87,1046.37,178.97,1636.15,14.25,13.18,0.608,0.06896,0.642,137.57
1/26/18,11104.2,1048.58,175.65,1595.67,14.24,13.17,0.6271,0.06635,0.6268,137.69
1/27/18,11459.71,1109.08,180.71,1636.45,14.38,13.36,0.6185,0.06983,0.6213,140.73
1/28/18,11767.74,1231.58,193.23,1753.39,14.75,13.64,0.624,0.06665,0.6423,151.1
1/29/18,11233.95,1169.96,180.45,1651.39,13.54,12.77,0.5794,0.06446,0.591,165.93
1/30/18,10107.26,1063.75,165.38,1471.62,11.35,11.33,0.4819,0.05421,0.51,143.6
1/31/18,10226.86,1111.31,162.93,1490.05,11.98,11.2,0.5309,0.05564,0.5072,145.74
2/1/18,9114.72,1026.19,141.37,1269.68,10.03,9.452,0.4556,0.04681,0.4217,125.59
2/2/18,8870.82,917.47,131.17,1192.13,10.23,9.749,0.415,0.04201,0.4047,121.63
2/3/18,9251.27,970.87,161,1280.38,10.64,9.825,0.4444,0.04664,0.464,124.49
2/4/18,8218.05,827.59,147.55,1157.1,8.89,8.432,0.384,0.03872,0.382,106.85
2/5/18,6937.08,695.08,125.04,884,7.06,6.721,0.323,0.03032,0.317,82.06
2/6/18,7701.25,785.01,141.85,966.79,8.29,8.263,0.3611,0.03624,0.359,104.67
2/7/18,7592.72,751.81,137.84,953.65,7.67,8.094,0.3356,0.03267,0.331,102.04
2/8/18,8260.69,813.55,150.18,1279.58,8.31,8.781,0.353,0.03828,0.3449,110.35
2/9/18,8696.83,877.88,163.9,1300.18,9.48,9.871,0.392,0.0469,0.379,114.73
2/10/18,8569.29,850.75,154.91,1244.26,8.9,9.289,0.388,0.04815,0.381,107.45
2/11/18,8084.61,811.24,149.06,1209.46,8.33,8.707,0.3623,0.04219,0.3488,101.77
2/12/18,8911.27,865.27,161.4,1284.11,9.13,9.339,0.3845,0.04581,0.371,111.84
2/13/18,8544.69,840.98,159.36,1222.75,8.94,9.015,0.398,0.04308,0.3578,108.6
2/14/18,9485.64,920.11,212.01,1358.34,9.85,10.41,0.4481,0.04607,0.393,122.36
2/15/18,10033.75,927.95,221.08,1359.47,9.84,10.89,0.4406,0.04643,0.39,121.21
2/16/18,10188.73,938.02,228.39,1530.44,9.84,11.23,0.447,0.05273,0.39,127.77
2/17/18,11097.21,974.77,229.41,1545.84,10.02,11.73,0.4784,0.05493,0.41,135.5
2/18/18,10417.23,913.9,214.22,1451.12,9.06,10.68,0.4347,0.0496,0.36,125.53
2/19/18,11182.28,939.79,221.97,1528.62,9.49,11.09,0.443,0.05172,0.375,136.2
2/20/18,11256.43,885.52,229.38,1396.92,8.88,9.923,0.3897,0.04729,0.346,125.62
2/21/18,10481.66,840.1,210.26,1287.06,8.34,9.407,0.3745,0.04494,0.3328,118.16
2/22/18,9847.96,804.63,192.91,1205.39,7.78,8.879,0.3471,0.04035,0.31,111.62
2/23/18,10175.51,854.7,206.6,1258.71,8.26,9.734,0.3666,0.04319,0.3239,119.05
2/24/18,9705.73,833.49,206.35,1181.19,7.9,9.12,0.3423,0.04077,0.2968,115.69
2/25/18,9610.11,840.28,218.31,1173.39,7.69,9.392,0.3491,0.04021,0.3232,117.24
2/26/18,10326.5,867.62,218.62,1244.34,7.99,9.937,0.3546,0.04187,0.3234,134.76
2/27/18,10594.76,871.1,215.15,1232.17,8.39,10.59,0.3564,0.04258,0.328,140.27
2/28/18,10334.44,853.31,202.14,1198.8,8.19,10.45,0.3299,0.04364,0.3038,131.97
3/1/18,10929.37,872.05,209.32,1278.74,8.55,10.56,0.338,0.04872,0.3,128.64
3/2/18,11043.12,857.06,212.59,1273.27,8.02,10.25,0.3186,0.05325,0.2891,123.68
3/3/18,11465.36,855.89,210.29,1269.22,7.92,10.21,0.3477,0.04919,0.2924,121.42
3/4/18,11504.42,867.2,213.87,1283.89,8.15,10.41,0.3624,0.04819,0.3,119.19
3/5/18,11440.73,845.58,209.71,1257.34,7.95,10.03,0.3492,0.04673,0.295,111.15
3/6/18,10735.45,815.14,196.58,1203.44,7.13,9.415,0.3337,0.0441,0.277,104.34
3/7/18,9928.56,751.13,186.04,1092.14,6.43,9.067,0.3252,0.03864,0.2401,100.11
3/8/18,9316.72,698.83,175.82,1032.29,6.1,8.304,0.3091,0.03711,0.2125,90.76
3/9/18,9252.76,726.92,186.38,1065.69,6.02,8.289,0.3076,0.03747,0.2157,92.02
3/10/18,8797.27,682.3,177.3,1002.01,5.64,7.678,0.2895,0.03534,0.2003,84.81
3/11/18,9544.84,720.36,188.39,1140.61,6.04,8.261,0.3034,0.03875,0.219,90.62
3/12/18,9142.15,697.02,177.85,1050.43,5.72,8.042,0.2883,0.03662,0.218,85.08
3/13/18,9160.12,689.96,175.47,1053.55,5.79,10.16,0.2878,0.03628,0.2174,83.15
3/14/18,8217.7,613.15,160.77,945.04,5.28,8.974,0.2447,0.03139,0.1933,71.55
3/15/18,8268.41,610.56,164.28,941.77,5.12,9.153,0.2392,0.03033,0.1837,69.06
3/16/18,8283.23,600.53,164.95,974.11,5.04,9.07,0.2296,0.03043,0.1741,67.6
3/17/18,7883.45,549.79,152.65,947.59,4.63,8.979,0.2077,0.02885,0.15,60.84
3/18/18,8215.4,537.38,153.94,934.91,4.62,8.963,0.2191,0.02932,0.155,65.47
3/19/18,8623.14,555.55,161.51,994.67,6.18,9.046,0.2473,0.03276,0.19,72.66
3/20/18,8920.71,557.57,169.09,1061.56,5.93,9.179,0.2662,0.03855,0.1989,75.59
3/21/18,8911.35,559.91,168.71,1031.93,6.9,9.981,0.2511,0.03727,0.2075,72.73
3/22/18,8724.98,539.89,163.93,1015.19,6.89,10.09,0.2419,0.03818,0.1991,69.3
3/23/18,8934.8,543.83,168.85,1031.97,6.94,11.81,0.2368,0.04202,0.1883,69.12
3/24/18,8548.06,520.16,159.05,975.33,6.51,13.09,0.2323,0.04927,0.1856,65.31
3/25/18,8472.84,523.01,160.31,971.83,6.43,12.94,0.239,0.04534,0.1836,65.54
3/26/18,8152.2,486.25,148.28,913.05,5.78,12.02,0.2277,0.04422,0.1652,59.15
3/27/18,7808.48,448.78,134.88,876.11,5.8,11.55,0.2151,0.0433,0.1521,55.4
3/28/18,7959.78,445.93,131.66,861.25,6.2,11.68,0.2179,0.04879,0.1583,57.32
3/29/18,7106.62,383.9,114.66,711.13,5.88,10.21,0.1892,0.04341,0.1427,51.77
3/30/18,6853.76,393.82,118.49,696.93,6.01,10.4,0.1861,0.04136,0.1439,50.29
3/31/18,6943.77,394.07,116.32,684.31,5.93,11.08,0.204,0.03413,0.1504,50.05
4/1/18,6835.84,378.85,115.11,644.89,5.6,11.12,0.2049,0.03229,0.1482,47.45
4/2/18,7074.6,384.68,119.26,663.6,5.82,12.63,0.2243,0.03599,0.1528,48.9
4/3/18,7434.3,415.93,134.23,710.35,6.02,13.33,0.2318,0.0349,0.1698,53.52
4/4/18,6815.5,378.65,118.36,648.9,5.67,12.22,0.201,0.03024,0.152,47.56
4/5/18,6790.45,381.36,118.76,642.72,6.33,12.53,0.1953,0.0393,0.1459,47.08
4/6/18,6634.86,370.35,113.18,611,5.84,12.31,0.1919,0.03671,0.1418,44.96
4/7/18,6917.2,384.98,116.2,641.02,5.9,12.52,0.1995,0.03724,0.1458,46.56
4/8/18,7049.92,400.72,117.87,656.42,5.98,12.18,0.2051,0.0379,0.1566,49.56
4/9/18,6789.53,399.02,115.02,638.62,5.86,11.92,0.1952,0.03606,0.15,53.03
4/10/18,6871.07,415.65,114.41,652.55,6,12.13,0.198,0.03731,0.1556,52.9
4/11/18,6977.13,430.42,118.4,670.57,8.52,12.37,0.2135,0.03657,0.1667,58.59
4/12/18,7927.73,493.95,129.71,737.84,8.83,13.02,0.2454,0.04029,0.2166,67.1
4/13/18,7899.11,494.96,125.57,742.67,8.82,13.56,0.2456,0.0393,0.2002,62.27
4/14/18,8022.51,502.79,126.53,740.48,8.71,13.33,0.2529,0.04055,0.2046,64.32
4/15/18,8376.73,534.15,132.7,785.32,8.53,13.08,0.2954,0.04367,0.2272,70.81
4/16/18,8079.77,511.67,128.84,768.47,8.12,12.26,0.2856,0.04122,0.2577,67.04
4/17/18,7921.63,503.03,132.34,760,8.5,11.8,0.3008,0.04248,0.2419,65.93
4/18/18,8189.96,525.78,140.48,888.61,9.04,12.35,0.3545,0.0477,0.2631,73.14
4/19/18,8301.82,567.25,146.58,973.8,9.48,12.4,0.3665,0.04936,0.2718,74.21
4/20/18,8877.08,617.16,155.73,1124.67,11.45,12.59,0.3916,0.05399,0.3019,79.3
4/21/18,8935.72,605.17,148.5,1154.45,11.14,13.39,0.3733,0.05332,0.2852,74.79
4/22/18,8823.36,621.33,146.67,1195.64,11.3,12.91,0.3649,0.05207,0.2801,73.87
4/23/18,8968.25,644.13,152.64,1440.95,11.62,13.69,0.3713,0.05879,0.2892,76.42
4/24/18,9655.77,703.35,164.69,1407.55,15.11,15.18,0.3956,0.07248,0.3081,82.67
4/25/18,8873.62,617.73,144.99,1289.86,14.46,13.36,0.3369,0.07004,0.2708,71.43
4/26/18,9282.12,661.45,153.22,1421.87,15.44,14.63,0.3867,0.07407,0.2933,77.16
4/27/18,8938.47,643.33,145.87,1331.97,16.61,14.3,0.3853,0.07338,0.2851,72.44
4/28/18,9351.47,683.02,151.96,1394.3,18.78,15.19,0.4296,0.0819,0.3568,76.59
4/29/18,9407.04,689.31,153.43,1439.28,21.41,15.02,0.4583,0.08836,0.3622,90.6
4/30/18,9248.45,670.04,148.35,1348.42,17.46,14.34,0.424,0.09296,0.3382,84.01
5/1/18,9077.28,670.81,147.99,1354.33,18.74,14.16,0.4384,0.0923,0.3571,84.21
5/2/18,9232.19,686.74,151.59,1457.76,19.23,14.4,0.4402,0.09135,0.3705,84.7
5/3/18,9745.04,777.62,161.22,1511.46,17.67,14.64,0.4357,0.08704,0.3672,87.63
5/4/18,9699.61,784.21,168.73,1516.05,17.05,14.36,0.4299,0.086,0.3572,84.07
5/5/18,9845.9,816.58,178.41,1753.55,17.77,14.42,0.4295,0.08719,0.3638,84.3
5/6/18,9644.92,790.39,171.66,1756.57,17.39,13.99,0.4096,0.08452,0.3451,83.53
5/7/18,9377.81,752.4,164.23,1651.39,17.8,13.73,0.3948,0.08261,0.3326,79.24
5/8/18,9196.13,747.79,159.04,1599.52,17.96,13.52,0.3813,0.08246,0.3226,76.95
5/9/18,9321.16,751.27,156.88,1626.63,17.79,14.67,0.372,0.08026,0.319,76.14
5/10/18,9032.22,723.61,148.4,1523.74,17.32,13.85,0.3466,0.07285,0.2923,69.94
5/11/18,8421,677.8,136.47,1367.01,14.82,13.03,0.311,0.06438,0.257,63.37
5/12/18,8486.67,683.64,141.82,1458.55,13.95,12.99,0.3575,0.06689,0.2622,64.72
5/13/18,8709.46,729.34,144.84,1483.22,14.59,13.23,0.3702,0.07398,0.2764,67.58
5/14/18,8672.9,727.41,147.39,1412.97,13.8,12.84,0.3638,0.07076,0.2673,66.14
5/15/18,8480.16,705.64,139.56,1337.53,12.8,12.55,0.3421,0.06748,0.2557,63.05
5/16/18,8344.78,706.72,139.11,1280.11,12.67,12.28,0.3317,0.07113,0.253,61.71
5/17/18,8071.04,668.38,132.69,1192.88,12.23,12.41,0.3076,0.06622,0.24,57.77
5/18/18,8247.91,693.57,136.19,1203.32,12.91,15.13,0.3165,0.06882,0.2443,59.72
5/19/18,8249.24,696.05,135.29,1179.64,13.12,14.35,0.3128,0.06875,0.2411,59.16
5/20/18,8533,715.15,139.86,1292.75,13.95,14.15,0.3284,0.07698,0.2555,63.81
5/21/18,8419.65,699.84,134.63,1233.48,13.43,14.77,0.3127,0.08109,0.246,62.4
5/22/18,7992.75,640.84,128.12,1135.15,12.11,13.89,0.2935,0.07322,0.2219,56.99
5/23/18,7505.77,577.01,118.7,994.37,10.67,12.5,0.276,0.06805,0.2,51.85
5/24/18,7584.74,602.59,122.88,1073.9,12.75,13.04,0.2912,0.07235,0.2061,55.09
5/25/18,7475.36,584.77,119.08,1016.45,12.18,13.06,0.2866,0.07044,0.1986,52.89
5/26/18,7355.06,585.76,118.64,1008.38,12.21,12.8,0.2824,0.07245,0.1954,52.32
5/27/18,7362.23,569.64,118.02,996.85,12.44,12.64,0.274,0.07016,0.1936,52.96
5/28/18,7118.88,512.03,111.17,889.86,11.51,11.89,0.2493,0.05969,0.1735,47.83
5/29/18,7474.75,566.59,119.5,988.06,12.14,12.6,0.2823,0.06402,0.2024,52.23
5/30/18,7393.02,557.12,117.4,982.53,11.88,12.61,0.2759,0.06148,0.2109,51.48
5/31/18,7502.15,577.23,118.53,998.54,12.23,14.25,0.2964,0.06018,0.2229,53.11
6/1/18,7530.55,579.01,120.41,1002.32,12.23,14.26,0.2879,0.05826,0.2203,55.64
6/2/18,7643.26,590.53,123.44,1084.58,14.62,14.7,0.2987,0.06076,0.2262,56.84
6/3/18,7719.75,619.04,125.06,1168.41,14.52,14.69,0.3039,0.06173,0.226,56.47
6/4/18,7503.2,591.31,119.98,1097.9,13.43,14.29,0.291,0.05873,0.2112,53.54
6/5/18,7629.4,608.23,122.22,1150.06,14.15,15.63,0.2936,0.06034,0.2181,54.49
6/6/18,7661.79,606.3,121.52,1129.12,13.91,17.29,0.298,0.05915,0.2149,53.78
6/7/18,7700.11,604.44,121.74,1145.78,14.6,16.28,0.2917,0.05907,0.2101,53.51
6/8/18,7627.52,600.67,120.13,1117.43,14.01,16.28,0.2869,0.05752,0.205,52.42
6/9/18,7513.69,594.86,117.66,1092.49,14.11,16.04,0.2809,0.05711,0.2005,50.96
6/10/18,6773.72,524.74,106.75,937.21,11.01,14.2,0.2455,0.04718,0.1745,45.42
6/11/18,6887.37,531.15,107.22,954.26,11.3,15.52,0.2526,0.04832,0.1795,45.7
6/12/18,6556.94,494.53,100.04,870.75,9.98,15.27,0.2276,0.04369,0.1646,41.26
6/13/18,6310.43,476.3,93.74,842.82,10,14.6,0.2184,0.04082,0.1592,37.99
6/14/18,6643.26,519.83,100.84,895.36,11.25,14.85,0.2407,0.04505,0.17,40.78
6/15/18,6396.71,487.51,95.69,844.37,10.54,15.02,0.2296,0.04232,0.1607,37.95
6/16/18,6503.1,497.22,96.83,852.56,10.54,15.81,0.2303,0.04305,0.162,38.07
6/17/18,6457.78,496.93,95.12,847.26,10.34,16.57,0.229,0.04246,0.1601,38.66
6/18/18,6714.82,517.63,98.91,885.68,10.73,16.82,0.2324,0.04495,0.1643,39.53
6/19/18,6741.28,538.45,98.76,906.03,10.7,16.75,0.2349,0.04979,0.1658,39.85
6/20/18,6761.27,536.16,97.84,892.49,10.43,16.07,0.2309,0.04977,0.1621,38.9
6/21/18,6720.64,525.76,96.78,873.01,10.41,17.08,0.2266,0.04878,0.1588,37.64
6/22/18,6051.47,462.16,84.96,751.41,8.53,15.58,0.2008,0.04272,0.1384,32.98
6/23/18,6166.54,474.18,82.82,765.27,8.37,15.65,0.2024,0.04392,0.1373,33.95
6/24/18,6157.78,455.25,80.62,747.18,8.05,14.47,0.1931,0.04212,0.1305,31.21
6/25/18,6260.35,458.82,81.76,757.5,8.18,14.94,0.1983,0.0421,0.1355,31.63
6/26/18,6088.39,429.58,75.92,699.56,7.36,14.09,0.1828,0.03835,0.125,30.11
6/27/18,6141.57,441.75,80.7,714.26,7.99,14.08,0.1911,0.03889,0.1271,30.35
6/28/18,5871.28,420.72,74.45,659.34,7.38,14.17,0.1775,0.03658,0.1185,28.36
6/29/18,6203.8,435.25,79.04,718.4,7.75,14.5,0.1877,0.03749,0.1247,29.62
6/30/18,6385.38,453.42,81.16,747.61,8.12,14.67,0.1928,0.03833,0.1385,30.8
7/1/18,6339.04,451.09,79.68,735.33,8.13,14.31,0.1993,0.03799,0.1425,31.21
7/2/18,6615.66,476.58,85.47,781.02,8.98,14.61,0.2147,0.04007,0.1535,36.15
7/3/18,6509.58,461.95,84.88,755.83,8.81,14.15,0.205,0.03887,0.1498,35.81
7/4/18,6590.06,467.19,85.41,763.13,8.91,14,0.211,0.0394,0.1511,40.58
7/5/18,6534.81,467.55,83.25,743.66,8.85,13.82,0.2012,0.03838,0.148,40.18
7/6/18,6602.02,469.93,83.12,732.82,8.63,13.42,0.2073,0.03757,0.1446,37.54
7/7/18,6758.08,485.81,84.88,771.1,8.86,14.14,0.2088,0.03828,0.1485,38.68
7/8/18,6707.38,486.19,82.37,750.56,8.71,14,0.2094,0.03754,0.1451,39.08
7/9/18,6668.84,471.48,80.56,731.57,7.69,13.52,0.2065,0.03623,0.1392,36.42
7/10/18,6306.85,432.69,75.93,686.82,7.14,12.8,0.1908,0.03358,0.128,33.26
7/11/18,6394.36,445.59,78.39,706.58,7.16,12.71,0.1894,0.03362,0.1308,33.92
7/12/18,6253.6,431.12,76.86,687.27,6.92,12.14,0.1839,0.03202,0.1258,32.07
7/13/18,6229.83,432.97,76.69,694.63,6.9,12.2,0.2066,0.03309,0.1374,33.17
7/14/18,6268.75,434.42,76.35,702.73,6.94,12.09,0.2086,0.03346,0.1366,32.56
7/15/18,6364.26,450.34,78.66,724.89,7.4,12.31,0.2198,0.03437,0.1426,33.58
7/16/18,6740.55,480.2,83.92,801.6,8.1,13.43,0.2398,0.03754,0.1567,37
7/17/18,7326.7,499.83,90.12,852.79,8.78,13.74,0.2539,0.03987,0.1716,39.3
7/18/18,7383.39,479.85,86.39,826.2,8.6,12.85,0.298,0.03959,0.1803,37.66
7/19/18,7477.5,468.91,86.14,824.77,8.42,12.96,0.306,0.03786,0.1818,36
7/20/18,7333.93,449.13,81.85,765.66,7.85,12.07,0.27,0.03472,0.161,33.09
7/21/18,7405.4,461.13,83.53,788.68,8,12.18,0.2935,0.03568,0.1636,34.16
7/22/18,7398.64,457.98,82.2,786.48,7.85,12.13,0.2843,0.03514,0.1693,33.06
7/23/18,7718,449.73,81.58,784.15,7.93,12.01,0.2861,0.034,0.1641,32.12
7/24/18,8395.82,478.39,89.25,867.29,8.59,12.12,0.301,0.038,0.1734,33.69
7/25/18,8170.23,471.99,86.28,831.73,8.53,12.98,0.3327,0.03702,0.1724,34.09
7/26/18,7937.25,462.98,83.42,804.04,8.31,13.35,0.309,0.03583,0.1642,33.14
7/27/18,8182.89,469.94,84.45,820.74,8.43,13.98,0.3168,0.03666,0.1657,33.4
7/28/18,8230.87,468.75,84.28,823.09,8.37,14.68,0.3157,0.03689,0.1641,33.91
7/29/18,8216.78,466.3,84.06,829.89,8.34,13.98,0.3074,0.03913,0.1626,33.41
7/30/18,8176.06,456.22,82.25,814.83,7.74,13.24,0.2953,0.0365,0.1534,31.94
7/31/18,7735.3,431.71,78.82,775.08,7.33,13.82,0.2775,0.0338,0.1419,29.69
8/1/18,7610.9,419.87,77.63,768.7,7.23,13.62,0.2764,0.03255,0.1398,29.72
8/2/18,7542.34,411.36,76.25,732.29,7.02,14.18,0.2604,0.03134,0.1309,28.23
8/3/18,7417.6,417.76,77.59,724.92,7.18,14.11,0.2573,0.03104,0.1298,27.98
8/4/18,7017.89,407.32,73.06,696.67,6.98,13.87,0.2396,0.0287,0.1261,26.73
8/5/18,7042.39,409.37,74.72,710.58,7.03,13.66,0.2425,0.03016,0.1305,27.58
8/6/18,6945.78,405.7,73.76,692.01,7.06,13.7,0.2334,0.02905,0.1294,26.16
8/7/18,6723.21,378.32,67.37,657.4,6.57,13.12,0.228,0.02759,0.1235,25.12
8/8/18,6285.02,355.57,62.18,588.63,5.59,12.16,0.1974,0.02418,0.1128,21.77
8/9/18,6543.24,364.33,63.08,609.44,5.76,12.79,0.2209,0.02611,0.122,22.38
8/10/18,6153.41,332.28,59.07,570.54,5.24,12.12,0.2225,0.02364,0.1145,19.8
8/11/18,6242.54,318.62,57.85,563.89,4.96,11.7,0.2165,0.02216,0.11,18.44
8/12/18,6322.92,318.55,59.4,571.59,4.96,11.81,0.2242,0.02307,0.1117,18.53
8/13/18,6263.2,284.03,56.59,532.5,4.58,10.27,0.2208,0.01911,0.1013,15.75
8/14/18,6199.6,278.31,54.4,510.26,4.57,9.442,0.2175,0.01853,0.09354,16.1
8/15/18,6274.22,281.24,54.35,511.66,4.63,9.574,0.2155,0.01916,0.09377,15.63
8/16/18,6323.81,286.8,55.36,517.1,4.51,9.764,0.2146,0.01938,0.09467,16.1
8/17/18,6591.16,317.57,61.86,604.01,5.58,10.89,0.2387,0.02337,0.1098,20.65
8/18/18,6405.71,294.85,57.25,554.67,5.08,9.929,0.222,0.02134,0.09877,19.16
8/19/18,6502.18,300.53,57.97,572.65,5.29,10.18,0.2288,0.02201,0.1018,19.81
8/20/18,6269.9,271.61,53.63,514.32,4.7,9.662,0.2131,0.0204,0.09178,17.1
8/21/18,6491.11,281.78,56.51,537.53,4.9,9.75,0.2195,0.02092,0.09483,17.82
8/22/18,6366.13,270.37,55.23,519.86,4.71,9.486,0.2082,0.0196,0.094,16.46
8/23/18,6538.95,276.66,57.37,531.49,4.9,9.815,0.2163,0.02085,0.09252,17.77
8/24/18,6708.96,282.04,58.01,534.7,5.05,10.24,0.218,0.02152,0.094,17.77
8/25/18,6749.56,278.22,57.95,537.26,5.04,10.12,0.2175,0.0224,0.0928,17.66
8/26/18,6720.6,274.81,57.19,524.68,4.95,10.24,0.2131,0.0228,0.09508,17.49
8/27/18,6915.73,287.9,60.71,550.22,5.38,11.2,0.2271,0.02455,0.1008,20.72
8/28/18,7091.38,296.21,63.33,566.6,5.91,11.52,0.2354,0.02688,0.1054,21.32
8/29/18,7052,289.2,61.6,555.84,6.13,11.18,0.2262,0.02548,0.106,19.85
8/30/18,6998.76,284.57,60.32,539.74,6.07,10.79,0.2221,0.02502,0.101,19.42
8/31/18,7026.96,282.06,62.2,543.18,6.4,10.99,0.2216,0.02541,0.1039,20.08
9/1/18,7203.46,295.77,66.49,618.06,6.66,11.46,0.2285,0.02665,0.1098,22.58
9/2/18,7301.26,295.12,66.25,650.98,6.64,11.38,0.2236,0.02567,0.106,22.04
9/3/18,7270.05,289.42,65.47,629.08,6.47,11.31,0.2195,0.02501,0.1048,22.97
9/4/18,7369.86,285.73,67.72,626.73,6.48,11.44,0.2313,0.02544,0.108,24.26
9/5/18,6705.03,228.27,57.75,526.28,5.16,9.977,0.2037,0.02166,0.0875,19.35
9/6/18,6515.42,229.52,57.49,519.93,5.23,10.27,0.2079,0.02164,0.088,20.39
9/7/18,6411.78,215.69,55.78,497.87,5.06,9.97,0.2065,0.02034,0.0854,19.52
9/8/18,6200.16,197.23,53.22,474.93,4.74,9.523,0.1943,0.01915,0.0795,17.94
9/9/18,6249.07,195.99,54.7,478.62,4.94,9.505,0.1912,0.0193,0.08035,18.41
9/10/18,6324.43,197.2,54.5,466.17,5.03,9.575,0.1906,0.01923,0.075,18.54
9/11/18,6295.54,185.15,52.01,439.87,4.99,9.368,0.1995,0.0185,0.06952,17.73
9/12/18,6337.11,183.03,51.72,432.63,4.94,9.208,0.1969,0.01818,0.06588,17.59
9/13/18,6492,211.27,54.53,464.5,5.39,9.589,0.206,0.01981,0.07128,18.21
9/14/18,6486.01,208.87,56.31,447.92,5.23,9.898,0.2013,0.0198,0.06964,17.61
9/15/18,6522.08,221.63,56.51,450.48,5.34,10.09,0.2029,0.01985,0.06986,18.03
9/16/18,6502.44,220.12,56.8,450.29,5.41,9.942,0.2067,0.01991,0.06985,17.9
9/17/18,6261.48,196.04,52.17,419.14,4.84,9.373,0.196,0.01839,0.066,16.58
9/18/18,6346.44,208.39,54.1,434.73,5.06,9.532,0.2082,0.0193,0.0714,16.93
9/19/18,6398.8,209.78,54.33,430.64,5.25,9.63,0.2057,0.01963,0.07279,17.12
9/20/18,6505.9,224.76,56.65,457.3,5.77,10.05,0.2314,0.02131,0.08002,18.24
9/21/18,6762.06,247.69,60.91,500.93,6.19,10.47,0.2492,0.02502,0.0879,19.86
9/22/18,6716.6,240.79,60.58,493,5.94,10.26,0.2398,0.02317,0.083,18.82
9/23/18,6702.7,244.51,61.37,492.65,6.03,10.28,0.2813,0.0238,0.08907,19.56
9/24/18,6583.53,228.05,58.02,466.31,5.67,10.03,0.2581,0.02213,0.083,18.46
9/25/18,6437.74,219.2,57.48,432.17,5.42,9.811,0.2533,0.02125,0.081,18.15
9/26/18,6462.6,214.21,57.24,495.29,5.55,9.7,0.2443,0.02104,0.08,17.8
9/27/18,6686.13,229.09,63.27,566.03,5.82,10.05,0.2597,0.02251,0.08749,19.01
9/28/18,6635.38,221.56,61.93,539.46,5.76,9.96,0.2539,0.02198,0.084,19.26
9/29/18,6603.75,231.32,61.65,538.67,5.75,10.01,0.255,0.02208,0.08528,19.22
9/30/18,6623.71,232.82,61.24,531.82,5.72,10.02,0.2592,0.02216,0.0846,18.93
10/1/18,6594.98,230.96,60.3,532.21,5.74,9.952,0.2583,0.02208,0.086,18.68
10/2/18,6525.47,225.59,59.47,531.76,5.62,10.29,0.2469,0.02239,0.0843,18.45
10/3/18,6492.26,220.02,57.41,515.81,5.62,10.28,0.241,0.02167,0.08139,17.96
10/4/18,6579.79,222.2,58.35,514.21,5.8,10.27,0.2436,0.02275,0.08176,17.94
10/5/18,6632.87,228.17,58.95,521.87,5.83,10.67,0.2465,0.02335,0.08357,18.18
10/6/18,6589.94,225.05,57.95,510.98,5.73,10.42,0.2405,0.02383,0.08129,17.88
10/7/18,6601.15,226.02,58.24,519.77,5.76,10.56,0.2438,0.02693,0.08468,18.11
10/8/18,6650.07,229.23,59.49,530.21,5.94,10.53,0.2485,0.02664,0.08677,18.51
10/9/18,6631.79,227.67,58.78,518.34,5.92,10.38,0.2465,0.02614,0.08629,18.24
10/10/18,6581.07,225.2,57.97,513.39,5.92,10.31,0.2419,0.02552,0.08554,18.19
10/11/18,6209.47,189.83,50.94,431,5.09,9.296,0.2047,0.02099,0.07001,15.46
10/12/18,6250.85,195.71,53.38,442.31,5.2,9.501,0.2164,0.02289,0.07281,15.66
10/13/18,6267.27,199.3,53.55,449.18,5.3,9.583,0.217,0.0239,0.07514,15.85
10/14/18,6277.73,194.92,52.02,439.57,5.2,9.504,0.2096,0.02376,0.07037,15.7
10/15/18,6612.36,210.8,55.01,460.29,5.59,10.34,0.2261,0.02569,0.07345,16.32
10/16/18,6583.05,209.67,54.07,457.32,5.57,10,0.2331,0.02486,0.07499,16.44
10/17/18,6574.52,207.75,53.95,450.68,5.56,9.987,0.2437,0.02495,0.07667,16.72
10/18/18,6488.72,202.25,52.51,438.12,5.46,9.727,0.2418,0.02475,0.07449,16.58
10/19/18,6469.28,203.01,53.29,442.82,5.4,9.807,0.2463,0.02442,0.07543,16.6
10/20/18,6490.56,204.97,53.55,449.73,5.45,9.781,0.2499,0.02467,0.07693,16.69
10/21/18,6509.87,205,52.97,450.61,5.51,9.791,0.2452,0.02456,0.07588,16.56
10/22/18,6483.23,203.64,52.33,449.68,5.46,9.738,0.2459,0.02425,0.07591,16.8
10/23/18,6470.22,203.29,52.65,444.31,5.49,9.789,0.2444,0.02376,0.07412,16.7
10/24/18,6476.25,202.58,52.38,441.75,5.43,9.734,0.2404,0.02379,0.07377,16.72
10/25/18,6462.77,201.7,52.31,440.83,5.43,9.707,0.2392,0.02361,0.07382,16.53
10/26/18,6457.21,202.43,52,437.99,5.45,9.699,0.2349,0.024,0.07399,16.25
10/27/18,6470.17,203.29,51.99,438.29,5.42,9.666,0.2313,0.0235,0.07444,16.01
10/28/18,6470.74,204.54,51.94,440.72,5.44,9.68,0.2349,0.02377,0.07335,16.1
10/29/18,6313.91,195.92,48.93,416.28,5.15,9.395,0.2224,0.02226,0.06984,15.35
10/30/18,6309.11,196.65,49.19,422.58,5.14,9.394,0.2243,0.02236,0.06986,15.21
10/31/18,6342.61,198.02,49.72,425.21,5.25,9.444,0.2275,0.02251,0.06998,15.4
11/1/18,6381.3,198.97,50.4,425.38,5.29,9.566,0.2256,0.02257,0.07172,15.75
11/2/18,6394.66,201.11,51.42,463.29,5.4,9.592,0.2366,0.02308,0.07307,16.2
11/3/18,6376.32,199.9,50.96,480.26,5.32,9.558,0.2373,0.02284,0.07273,15.99
11/4/18,6467.05,211.54,54.4,569.1,5.54,9.791,0.244,0.02368,0.07775,16.89
11/5/18,6433.74,209.55,53.61,560.06,5.51,9.696,0.2473,0.02392,0.07634,16.33
11/6/18,6479.72,219.34,56.09,630.74,5.78,9.81,0.2664,0.02474,0.08078,17.03
11/7/18,6529.68,217.44,54.08,616.21,5.67,9.821,0.2561,0.0241,0.07862,16.7
11/8/18,6446.06,211.69,52.37,575.18,5.53,9.637,0.2556,0.02331,0.07627,16.33
11/9/18,6377.99,209.52,51.9,543.4,5.41,9.541,0.2564,0.0233,0.07414,15.89
11/10/18,6396.37,212.04,52.16,555.84,5.43,9.524,0.2629,0.02314,0.07506,15.89
11/11/18,6408.18,211.66,51.11,533.35,5.49,9.478,0.2753,0.02307,0.07643,16.08
11/12/18,6375.08,210.31,50.59,515.11,5.46,9.384,0.268,0.02279,0.07611,15.74
11/13/18,6339.17,205.9,49.45,509.99,5.29,9.198,0.257,0.02241,0.07351,15.34
11/14/18,5741.47,182.72,43.74,439.39,4.75,8.423,0.2317,0.01991,0.06327,13.54
11/15/18,5647.5,181.53,43.95,385.61,4.76,8.211,0.2416,0.01942,0.06278,12.99
11/16/18,5586.27,174.96,42.4,347.93,4.59,7.91,0.2381,0.01917,0.06069,12.72
11/17/18,5568.94,174.47,41.98,290.95,4.63,7.758,0.2455,0.01929,0.0628,12.44
11/18/18,5615.26,177.39,42.21,333.76,4.65,8.007,0.25,0.01903,0.06318,12.58
11/19/18,4809.62,148.22,36.3,225.29,4.13,6.565,0.222,0.01598,0.05526,10.02
11/20/18,4441.81,130.74,32.84,218.34,3.81,5.761,0.1917,0.0142,0.0445,9.23
11/21/18,4593.04,136.5,34.63,241.61,3.84,6.191,0.2026,0.01489,0.04784,9.204
11/22/18,4320.68,125.08,31.74,178.51,3.53,5.703,0.1844,0.01387,0.04419,8.43
11/23/18,4343.42,123.37,32.2,140.64,3.66,5.568,0.1808,0.01392,0.04342,8.74
11/24/18,3854.11,112.66,29.13,61.71,3.3,5.095,0.1546,0.01268,0.03784,7.59
11/25/18,4004.15,116.75,30.89,185.15,3.4,5.169,0.16,0.01259,0.03732,7.86
11/26/18,3784.59,108.87,29.56,184.5,3.24,4.946,0.1439,0.01192,0.03498,7.26
11/27/18,3822.99,109.87,31.2,178.51,3.05,4.916,0.145,0.01205,0.03619,7.287
11/28/18,4263.55,122.88,34.71,197.84,3.3,5.338,0.1605,0.01488,0.04181,8.44
11/29/18,4286.69,117.76,33.84,180.92,3.04,5.367,0.1635,0.01573,0.04143,8.428
11/30/18,4009.67,112.91,31.97,171.56,2.89,5.072,0.1576,0.01457,0.03888,7.697
12/1/18,4197.46,118.24,34.23,171.83,2.97,5.285,0.1632,0.01528,0.04102,8.25
12/2/18,4143.86,116.24,33.68,155.39,2.87,5.254,0.1582,0.01505,0.04102,7.946
12/3/18,3871.41,108.32,30.8,158.02,2.59,5.11,0.1473,0.01443,0.03815,7.327
12/4/18,3948.44,109.77,31.09,148.26,2.47,5.887,0.146,0.01452,0.03717,7.603
12/5/18,3737.53,101.85,29.04,127.98,2.19,6.017,0.1323,0.01407,0.0339,6.948
12/6/18,3485.18,90.43,26.57,132.93,1.85,4.879,0.1176,0.01295,0.03049,5.97
12/7/18,3420.57,93.61,25.09,105.22,1.76,4.532,0.1144,0.01342,0.02941,6.17
12/8/18,3461.07,91.68,24.64,103.76,1.86,4.686,0.1185,0.01373,0.03054,6.08
12/9/18,3592.84,94.49,25.72,110.77,2.05,4.84,0.1217,0.01393,0.03158,6.46
12/10/18,3467.16,90.77,24.36,115.19,1.95,4.674,0.1153,0.0135,0.02983,6.087
12/11/18,3401.02,88.32,23.54,115.35,1.86,4.928,0.1104,0.01352,0.02913,5.81
12/12/18,3485.59,90.38,24.4,97.76,2.01,5.03,0.1126,0.01362,0.03043,6.13
12/13/18,3305.11,86.4,23.12,87.25,1.87,4.647,0.1042,0.01342,0.02886,5.8
12/14/18,3235.48,84.12,23.42,80.18,1.85,4.533,0.09606,0.01306,0.02916,5.623
12/15/18,3232.51,84.3,23.75,78.42,1.93,4.571,0.09442,0.01297,0.02781,5.626
12/16/18,3255.37,85.39,25.65,81.48,1.95,4.662,0.0957,0.01322,0.02889,5.79
12/17/18,3548.19,95.06,29.28,91.44,2.45,5.116,0.1093,0.01452,0.03267,6.69
12/18/18,3715.85,101.93,30.46,106.42,2.7,5.633,0.1146,0.01515,0.03462,6.88
12/19/18,3736.54,100.63,29.41,128.95,2.52,5.455,0.1129,0.0159,0.03399,6.628
12/20/18,4137.66,116.43,32.88,195.38,2.8,5.797,0.1252,0.01768,0.03815,7.278
12/21/18,3898.81,109.4,30.77,196.89,2.67,5.56,0.1194,0.0204,0.04033,6.92
12/22/18,4045.24,117.72,32.07,198.54,2.69,5.971,0.1212,0.02141,0.04198,7.168
12/23/18,4007.63,131.45,33.63,200.7,2.87,6.072,0.1263,0.02134,0.04446,7.81
12/24/18,4081.95,140.87,33.3,183.89,2.83,6.205,0.1316,0.02127,0.04529,8.59
12/25/18,3834.73,130.99,31.23,172.6,2.58,5.576,0.1201,0.02056,0.04138,7.85
12/26/18,3848.78,131.71,30.83,176.04,2.65,5.715,0.1202,0.02072,0.04091,7.99
12/27/18,3646.09,116.72,28.21,148.46,2.36,5.294,0.1092,0.01882,0.03661,7.06
12/28/18,3947.86,139.73,32.72,176.9,2.74,6.04,0.1219,0.02119,0.0415,8.2
12/29/18,3797.06,137.04,31.08,164.76,2.69,5.817,0.1166,0.02033,0.04077,8.09
12/30/18,3896.21,141.04,32.16,178.08,2.75,6.039,0.1168,0.02055,0.04325,8.167
12/31/18,3747.39,133.14,30.31,150.84,2.62,6.191,0.1097,0.0192,0.04082,7.53
1/1/19,3880.15,141.9,32.18,165.29,2.73,6.115,0.1157,0.02008,0.04245,7.958
1/2/19,3961.01,156.1,33.56,171.7,2.96,6.211,0.1195,0.02077,0.04539,8.112
1/3/19,3835.86,149.1,31.96,155.42,2.75,5.9,0.1132,0.02052,0.04234,7.672
1/4/19,3874.06,156.04,32.49,160.64,2.79,6.09,0.1152,0.02207,0.04389,7.674
1/5/19,3855.39,156.22,34.94,133.37,2.75,6.092,0.1132,0.02266,0.04456,7.888
1/6/19,4102.85,158.29,39.45,166.39,2.94,6.441,0.1206,0.02352,0.04929,8.85
1/7/19,4050.4,152.25,38.04,161.22,2.83,6.319,0.1239,0.02408,0.04728,8.503
1/8/19,4040.75,150.68,39.56,163.19,2.84,6.647,0.123,0.02675,0.04813,9.32
1/9/19,4048.34,151.21,38.95,161.75,2.95,6.691,0.1243,0.0287,0.05195,9.28
1/10/19,3668.15,127.96,33.57,134.36,2.45,5.946,0.1085,0.02632,0.04412,8.04
1/11/19,3669.2,126.99,32.05,116.24,2.44,6.062,0.1053,0.02533,0.04352,8
1/12/19,3664.38,126.05,32.37,123.3,2.45,5.983,0.1063,0.02385,0.04338,7.727
1/13/19,3551.24,116.66,30.22,118.89,2.28,5.586,0.1024,0.02153,0.03971,7.21
1/14/19,3703.9,129.71,32.39,134.93,2.51,6.182,0.1086,0.02615,0.04399,8.07
1/15/19,3621.24,121.38,31.33,111.76,2.42,5.91,0.1064,0.02483,0.04214,7.544
1/16/19,3643.99,123.31,31.72,128.04,2.46,6.187,0.1069,0.02558,0.04433,7.646
1/17/19,3685.3,124.05,32.03,132.38,2.55,6.446,0.1083,0.02567,0.04517,7.798
1/18/19,3648.05,120.79,31.23,141.07,2.48,6.48,0.1058,0.02511,0.04408,7.598
1/19/19,3729.78,124.8,32.56,153.57,2.5,6.639,0.107,0.02491,0.04555,8.12
1/20/19,3567.73,118.48,30.86,134.99,2.36,6.458,0.1031,0.024,0.04305,7.55
1/21/19,3571.92,117.12,31.2,122.56,2.35,6.558,0.103,0.02591,0.04266,7.49
1/22/19,3602.04,118.83,31.69,128.65,2.48,6.527,0.1031,0.02667,0.04332,7.76
1/23/19,3572.05,117.09,31.87,132.85,2.46,6.526,0.1022,0.02686,0.04319,7.61
1/24/19,3598.52,117.28,32.79,130.45,2.49,6.506,0.1032,0.02734,0.04311,7.81
1/25/19,3582.89,115.73,32.83,127.51,2.48,6.711,0.09939,0.02701,0.04364,7.524
1/26/19,3596.5,116.38,33.1,139.6,2.44,6.995,0.09849,0.02891,0.04279,7.58
1/27/19,3565.08,112.59,32.35,121.25,2.38,7.045,0.09463,0.02947,0.04041,7.43
1/28/19,3453.42,106.02,31.11,111.2,2.26,6.201,0.08661,0.02726,0.03852,7.04
1/29/19,3418.25,104.74,30.88,109.99,2.3,6.37,0.08291,0.02772,0.03795,7.08
1/30/19,3467.21,108.52,31.76,117.4,2.38,6.151,0.08515,0.02765,0.03995,7.18
1/31/19,3434.13,106.46,31.39,114.37,2.36,6.23,0.08215,0.0256,0.0383,6.99
2/1/19,3461.63,106.72,32.61,115.59,2.38,6.518,0.0809,0.02658,0.03856,6.954
2/2/19,3508.68,110.56,34.64,122.1,2.48,6.881,0.08262,0.02654,0.03885,7.38
2/3/19,3449.62,107.04,33.26,126.51,2.4,6.779,0.07915,0.02566,0.03793,7.008
2/4/19,3431.24,106.61,33.8,117.59,2.42,7.044,0.0786,0.02718,0.03763,7.009
2/5/19,3447.66,106.57,34.11,117.62,2.42,7.84,0.07671,0.02659,0.0382,6.97
2/6/19,3394.89,104.26,32.72,114.95,2.38,8.1,0.07322,0.02588,0.03637,6.864
2/7/19,3375.33,103.69,33.02,114.73,2.37,7.871,0.07442,0.02618,0.03704,6.882
2/8/19,3660.03,119.24,43.13,129.6,2.77,8.59,0.0814,0.0272,0.04058,7.69
2/9/19,3652.26,118.84,44.61,127.82,2.81,8.868,0.08055,0.02667,0.04091,7.633
2/10/19,3685.14,125.22,46.86,128.09,2.89,9.172,0.08018,0.02617,0.04264,8.12
2/11/19,3611.34,120.26,42.61,121.23,2.78,9.473,0.07651,0.02505,0.0423,8.26
2/12/19,3617.41,121.87,43.7,122.63,3,9.239,0.07667,0.02491,0.04149,8.34
2/13/19,3605.87,121.73,41.61,111.94,2.9,8.921,0.07574,0.02445,0.0401,8.36
2/14/19,3588.72,120.44,41.23,120.98,2.79,8.746,0.07648,0.02382,0.04056,8.03
2/15/19,3593.49,120.71,42.44,121.61,2.84,9.235,0.07924,0.02416,0.04038,8.134
2/16/19,3617.24,122.62,43.37,122.75,2.83,9.105,0.07949,0.02405,0.04069,7.915
2/17/19,3670.92,133.99,43.9,119.37,2.92,9.232,0.07973,0.02429,0.0413,8.51
2/18/19,3912.57,146.29,48.01,144.22,3.54,9.641,0.08316,0.02525,0.04519,8.831
2/19/19,3924.24,144.06,47.4,142.61,3.6,10.51,0.09013,0.02499,0.04586,8.95
2/20/19,3974.05,148.87,51.54,147.68,3.98,10.93,0.09247,0.02527,0.04731,9.17
2/21/19,3937.04,145.55,48.9,141.85,3.87,10.46,0.08806,0.02491,0.04467,8.626
2/22/19,3983.53,148.19,49.48,146.73,3.94,10.82,0.09099,0.0255,0.04563,8.771
2/23/19,4149.09,158.99,51.78,154.34,4.33,10.8,0.09416,0.02588,0.04827,10.39
2/24/19,3771.62,133.21,44.01,128.88,3.61,9.995,0.08264,0.02384,0.04155,9.1
2/25/19,3845.51,138.52,45.61,134.36,3.63,9.752,0.08736,0.02467,0.0435,9.271
2/26/19,3817.88,136.68,44.9,132.79,3.51,9.445,0.08473,0.02463,0.04288,9.083
2/27/19,3830.72,135.45,45.32,131.51,3.58,9.891,0.0845,0.02459,0.04287,8.952
2/28/19,3823.37,135.69,45.77,132.08,3.57,10.3,0.08442,0.0242,0.04295,8.889
3/1/19,3831.48,135.56,47.13,132.46,3.54,11.41,0.08563,0.02413,0.04283,8.995
3/2/19,3842.94,133.23,48.77,122.82,3.56,11.89,0.08652,0.02341,0.04358,8.782
3/3/19,3812.31,130.72,47.92,130.91,3.59,11.46,0.08534,0.02301,0.04228,8.631
3/4/19,3731.28,126.19,45.97,123.88,3.3,11.46,0.08398,0.02324,0.04035,8.205
3/5/19,3874.18,137.26,52.81,132.38,3.84,13.71,0.08498,0.02429,0.0427,8.837
3/6/19,3874.98,137.83,55.57,132.7,3.82,14.63,0.08394,0.02374,0.04344,8.751
3/7/19,3882.61,137.09,57.24,130.78,3.84,15.12,0.08544,0.02349,0.04259,9.223
3/8/19,3868.02,133.72,55.62,129.04,3.66,14.3,0.08756,0.02295,0.04245,8.818
3/9/19,3947.74,137.46,57.87,133.59,3.83,14.47,0.08991,0.02337,0.04644,9.015
3/10/19,3929.84,135.89,56.83,132.54,3.77,14.43,0.1008,0.02331,0.04534,8.812
3/11/19,3874.89,132.75,54.87,129.4,3.63,14.42,0.1018,0.02266,0.04755,8.78
3/12/19,3888.57,133.69,56.66,129.32,3.7,15.35,0.1047,0.02292,0.04717,8.86
3/13/19,3878.44,132.14,55.5,129.45,3.64,15.08,0.1133,0.0226,0.04624,8.998
3/14/19,3881.44,132.28,56.01,132.43,3.63,14.92,0.1068,0.02283,0.04738,9.309
3/15/19,3927.08,136.66,58.51,143.69,3.76,14.95,0.1043,0.02332,0.04972,9.309
3/16/19,4027.01,141.71,61.49,156.73,3.87,16.03,0.1074,0.02353,0.05122,9.447
3/17/19,3998,139.21,60.73,156.51,3.82,15.68,0.1095,0.02334,0.04974,9.238
3/18/19,3988.85,137.66,59.19,160.87,3.79,15.54,0.1157,0.02294,0.0499,9.162
3/19/19,4024.14,138.83,59.64,160.28,3.81,15.54,0.1127,0.02314,0.05199,9.248
3/20/19,4056.75,139.51,60.53,161.25,3.79,15.18,0.1102,0.02328,0.05341,9.423
3/21/19,3996.93,135.34,58.75,135.61,3.68,14.42,0.1065,0.02253,0.05238,8.967
3/22/19,4000.84,136.47,59.45,123.26,3.67,15.2,0.1078,0.023,0.05774,9.2
3/23/19,4007.21,137.25,60.95,162.53,3.71,15.16,0.1067,0.02461,0.06328,9.386
3/24/19,3994.11,136.2,59.87,140.3,3.68,17.16,0.1039,0.02366,0.0612,9.127
3/25/19,3924.55,133.55,58.87,160.75,3.68,16.75,0.1007,0.02297,0.05864,8.927
3/26/19,3942.22,134,58.74,159.81,3.78,16.16,0.1023,0.02281,0.06162,8.855
3/27/19,4045.98,139.71,61.54,168.28,4.32,16.63,0.1063,0.02365,0.06683,9.348
3/28/19,4036.45,138.17,60.67,167.45,4.3,16.71,0.1048,0.02343,0.06523,9.222
3/29/19,4111.38,143.49,61.55,170.83,4.38,16.52,0.1065,0.0237,0.07134,9.995
3/30/19,4118.13,142.57,60.58,166.62,4.22,17.02,0.1062,0.02357,0.07167,9.997
3/31/19,4112.69,141.81,60.62,169.24,4.25,17.56,0.1065,0.02374,0.06993,10.15
4/1/19,4151.32,141.52,60.57,166.84,4.25,17.93,0.1097,0.02456,0.07167,10.07
4/2/19,4906.93,165.02,77.58,243.53,5.08,19.92,0.124,0.02702,0.08596,11.63
4/3/19,4976.59,161.19,85.7,301.25,5.24,18.71,0.1213,0.02601,0.09104,12.16
4/4/19,4913.36,157.77,84.95,287.02,5.1,19.05,0.1196,0.02589,0.08761,12.91
4/5/19,5047.23,166.31,88.93,294.05,5.38,19.55,0.1276,0.02741,0.09093,13.58
4/6/19,5057.25,165.98,92.5,306.47,5.38,19.12,0.1253,0.02696,0.08991,13.12
4/7/19,5201.16,175.23,92.06,320.5,5.48,19.07,0.1334,0.02905,0.08985,12.95
4/8/19,5294.09,180.74,89.58,310.29,5.57,18.16,0.1312,0.03084,0.08706,12.71
4/9/19,5201.3,176.27,86.97,296.63,5.59,18.46,0.1251,0.03019,0.08372,12.18
4/10/19,5318.6,177.43,88.4,305.07,5.85,18.27,0.1254,0.03005,0.08959,12.45
4/11/19,5048.56,165.14,79.46,271.81,5.33,17.64,0.1154,0.02676,0.08313,11.22
4/12/19,5081.5,164.34,78.97,282.23,5.39,18.43,0.1137,0.02676,0.08395,11.31
4/13/19,5080.66,164.11,78.14,278.98,5.34,18.73,0.1118,0.02634,0.08351,11.12
4/14/19,5165.59,168.19,83.84,289.63,5.6,19.5,0.1163,0.02723,0.08453,11.38
4/15/19,5037.27,160.29,78.28,312.76,5.34,19.3,0.1145,0.02645,0.08251,10.7
4/16/19,5212.81,166.65,80.85,317.51,5.55,19.77,0.1158,0.02699,0.08341,10.95
4/17/19,5236.26,166.83,79.28,310.3,5.47,19.6,0.1166,0.02685,0.08283,11
4/18/19,5289.75,174.19,82.2,306.7,5.53,22.02,0.1168,0.02696,0.08164,11.33
4/19/19,5295.53,173.91,82.61,307.19,5.51,24.5,0.1156,0.02649,0.07925,11.13
4/20/19,5326.18,173.95,81.7,300.29,5.47,25.03,0.1157,0.02622,0.07619,10.96
4/21/19,5305.74,170.1,77.3,290.65,5.26,24.24,0.1137,0.02513,0.07401,10.61
4/22/19,5394.67,171.77,76.98,306.9,5.28,23.96,0.1148,0.02524,0.07802,10.88
4/23/19,5539.1,170.6,74.28,289.36,5.16,22.72,0.1123,0.0244,0.07413,10.31
4/24/19,5454.58,166.04,73.42,279.17,4.83,23.19,0.1032,0.02349,0.0724,9.951
4/25/19,5162.67,152.97,71.04,265.05,4.59,22.21,0.1002,0.0229,0.06843,9.507
4/26/19,5234.09,155.61,72.75,262.7,4.85,22.73,0.09874,0.02395,0.06803,9.417
4/27/19,5229.48,157.09,71.17,261.42,4.81,22.17,0.09928,0.02374,0.06947,9.519
4/28/19,5272.45,156.75,69.44,254.82,4.88,22.85,0.09632,0.02401,0.06739,9.358
4/29/19,5237.96,155.1,67.78,238.27,4.73,21.67,0.09705,0.02322,0.06362,9.528
4/30/19,5350.64,162.66,74.64,268.33,5.04,22.17,0.09893,0.02444,0.06953,9.885
5/1/19,5389.54,160.45,73.46,271.26,4.96,21.89,0.1005,0.02388,0.06811,9.771
5/2/19,5500.72,162.05,73.76,269.87,4.97,23.64,0.0983,0.02362,0.06739,9.813
5/3/19,5753.38,167.42,78.99,292.04,5.27,23.63,0.1017,0.02413,0.06882,9.97
5/4/19,5840.08,163.87,77.97,291.42,5.15,22.92,0.09812,0.02371,0.06626,9.444
5/5/19,5794.14,163.45,75.9,294.81,5.09,23.05,0.09766,0.02406,0.06556,9.294
5/6/19,5748.17,173.08,74.96,288.27,5.11,22.21,0.0977,0.02397,0.06611,9.189
5/7/19,5819.57,168.36,74.2,284.46,5.01,20.58,0.09431,0.02406,0.06313,8.898
5/8/19,5998.71,171.26,74.56,286.92,5.05,20.68,0.09131,0.02506,0.06395,9.075
5/9/19,6171.96,170.41,74.06,283.29,4.9,18.79,0.08861,0.02347,0.06132,8.616
5/10/19,6358.29,172.44,76.94,286.38,4.84,19.58,0.0922,0.02369,0.06302,8.76
5/11/19,7191.36,192.73,87.88,352.88,5.46,21.09,0.1047,0.02507,0.07584,9.78
5/12/19,6977.63,188.19,84.85,355.65,5.34,20.97,0.09883,0.02378,0.0704,9.301
5/13/19,7806.36,196.02,87.67,383.6,5.51,23.58,0.1005,0.0244,0.07275,9.727
5/14/19,7980.13,217.3,91.45,388.77,6.02,23.7,0.1138,0.02733,0.08481,11.08
5/15/19,8183.83,248.62,102.22,403.63,6.45,26.83,0.1421,0.03099,0.09408,12.91
5/16/19,7874.11,264.57,95.59,398.35,6.495,26.33,0.1384,0.02842,0.08765,12.11
5/17/19,7371.96,244.75,89.94,367.86,6.08,25.85,0.1322,0.02716,0.08325,11.27
5/18/19,7266.08,234.04,86.68,367.3,5.891,28.88,0.1315,0.02657,0.07835,10.69
5/19/19,8193.14,260.71,94.96,418.08,6.47,29.32,0.1429,0.02833,0.08693,11.72
5/20/19,7998.29,252.43,91.74,414.47,6.255,29.47,0.1357,0.0279,0.0846,12.08
5/21/19,7947.93,254.73,91.24,416.71,6.289,32.57,0.1346,0.02842,0.08453,12.12
5/22/19,7626.89,243.6,87.71,387.6,5.93,30.93,0.1221,0.02658,0.07737,11.14
5/23/19,7876.5,245.51,89,406.11,6.03,31.54,0.1254,0.02686,0.08068,11.42
5/24/19,7996.4,249.65,100.83,409.18,6.42,34.3,0.1255,0.02757,0.08098,11.55
5/25/19,8059.13,251.61,103.08,405.86,6.38,35.3,0.1255,0.02751,0.07998,11.47
5/26/19,8726.23,267.98,112.48,434.13,6.96,33.59,0.1336,0.03114,0.0861,12.02
5/27/19,8785.17,271.9,116.93,441.45,8.04,33.66,0.1383,0.03524,0.09103,12.43
5/28/19,8718.85,271.16,114.83,433.24,8.1,33.57,0.1394,0.03475,0.09291,12.66
5/29/19,8664.56,269.38,115.24,511.04,8.01,33.88,0.1356,0.03367,0.09076,13.62
5/30/19,8276.25,254.66,107.92,421.86,7.3,31.66,0.1291,0.03116,0.08402,12.58
5/31/19,8550.67,267.81,114.49,443.44,8.55,32.89,0.1336,0.03297,0.08911,13.54
6/1/19,8555.87,264.63,112.6,432.5,7.71,33.35,0.1325,0.03754,0.09009,13.75
6/2/19,8737.91,269.3,114.64,442.66,7.73,33.25,0.1368,0.03835,0.0964,14.11
6/3/19,8114.49,249.85,106.06,401.39,6.68,30.78,0.128,0.03387,0.08772,12.43
6/4/19,7677.47,241,102.03,382.94,6.3,29.2,0.1209,0.03518,0.08223,11.46
6/5/19,7791.29,246.2,103.86,397.2,6.43,30.95,0.1214,0.03429,0.08281,11.61
6/6/19,7807.36,249.45,111.57,397.39,6.37,31.25,0.1252,0.03278,0.08297,11.66
6/7/19,8002.63,249.68,117.16,399.81,6.64,31.46,0.1277,0.03365,0.08542,12.21
6/8/19,7933.78,244.52,118.61,393.83,6.37,31.88,0.1243,0.03213,0.08385,12.02
6/9/19,7643.44,231.44,114.88,380.49,6.15,30.21,0.1188,0.0298,0.0791,11.49
6/10/19,8021,247.93,130.1,395.03,6.468,32.17,0.1235,0.03166,0.08552,12.33
6/11/19,7917.32,245.28,136.42,388.5,6.335,32.07,0.123,0.03107,0.08806,12.34
6/12/19,8174.14,262.96,136.26,397.75,6.462,35.04,0.1275,0.03365,0.09646,12.99
6/13/19,8235.57,255.22,130.95,412.52,6.472,35.19,0.1244,0.03266,0.08946,13.07
6/14/19,8693.96,263.77,132.76,422.09,6.569,32.55,0.1255,0.03199,0.09047,13.57
6/15/19,8853.56,269.06,138.38,423.47,6.913,32.86,0.1272,0.03273,0.09143,14.02
6/16/19,8979.18,268.48,136.84,427.95,6.997,32.25,0.1299,0.03275,0.09208,14.04
6/17/19,9336.01,274.01,134.16,431.88,7.151,33.95,0.1309,0.03376,0.09337,14.23
6/18/19,9081.71,264.55,135.32,413.94,6.794,34.43,0.1238,0.03298,0.08875,13.66
6/19/19,9280.54,268.95,136.8,416.42,6.883,35.28,0.1244,0.0333,0.08972,13.77
6/20/19,9536.85,271.9,135.8,413.14,6.863,36.95,0.1212,0.03268,0.08742,13.58
6/21/19,10218.87,295.94,139.08,442.37,7.062,38.88,0.1236,0.03323,0.08965,14.12
6/22/19,10689.54,309.57,141.74,481.03,7.499,37.8,0.1292,0.03723,0.09381,17.54
6/23/19,10855.99,307.22,136.79,475.93,7.265,37.08,0.1274,0.03703,0.0959,16.79
6/24/19,11035.74,311.1,135.52,478.29,7.251,37.46,0.1279,0.03832,0.09756,17.94
6/25/19,11740.34,316.17,135.48,476.78,7.128,35.83,0.1238,0.0382,0.09576,19.53
6/26/19,12913.28,334.45,130.42,481.28,6.702,35.52,0.1218,0.03605,0.09607,19.18
6/27/19,11154.09,293.91,114.22,411.92,5.887,33.9,0.1079,0.03214,0.08498,17.01
6/28/19,12355.06,309.62,119.41,434.53,6.18,34.46,0.1114,0.03359,0.08854,18.05
6/29/19,11884.1,317.78,133.7,441.02,6.329,35.45,0.1147,0.03509,0.08947,18.48
6/30/19,10769.05,290.55,122.34,400.29,5.757,31.97,0.1043,0.03174,0.08199,16.64
7/1/19,10591.87,294.14,122.87,417,6.049,33.15,0.1056,0.03263,0.0831,16.87